slot,usdt_usd,binance_open,binance_close,brti_proxy,offset_hat,offset_real,strike_naive,strike_offsetaware,kalshi_result,poly_up_wins,naive_outcome,offsetaware_outcome
2026-05-26 09:00,0.99901,77132.51,77231.56,77123.96,76.36,107.6,77099.99,77199.99,no,True,split,both_win
2026-05-26 10:00,0.9989,77231.56,76908.01,76834.79,84.95,73.22,77199.99,77299.99,no,False,split,split
2026-05-26 11:00,0.99853,76908.01,76518.1,76422.5,113.05,95.6,76899.99,76999.99,no,False,split,split
2026-05-26 12:00,0.99875,76518.1,76558.0,76439.26,95.65,118.74,76499.99,76599.99,no,True,both_lose,both_win
2026-05-26 13:00,0.9986,76558.0,75935.08,75846.35,107.18,88.73,76599.99,76599.99,no,False,split,split
2026-05-26 14:00,0.99824,75935.09,75840.55,75709.85,133.65,130.7,75899.99,75999.99,no,False,split,split
2026-05-26 15:00,0.99839,75840.55,76052.0,75916.29,122.1,135.71,75799.99,75899.99,yes,True,split,split
2026-05-26 16:00,0.9984,76052.0,76106.86,76006.78,121.68,100.08,75999.99,76249.99,no,True,split,both_win
2026-05-26 17:00,0.99855,76106.86,75890.0,75790.57,110.35,99.43,76099.99,76199.99,no,False,split,split
2026-05-26 18:00,0.99838,75890.0,75749.02,75633.62,122.94,115.4,75899.99,75899.99,no,False,split,split
2026-05-26 19:00,0.99865,75749.02,75930.01,75825.5,102.26,104.51,75699.99,75799.99,yes,True,split,split
2026-05-26 20:00,0.99866,75930.01,76085.01,75977.46,101.75,107.55,75899.99,75999.99,no,True,split,both_win
2026-05-26 21:00,0.99864,76085.0,75877.44,75765.93,103.48,111.51,76099.99,76099.99,no,False,split,split
2026-05-26 22:00,0.99853,75877.44,75879.0,75712.07,111.54,166.93,75899.99,75899.99,no,True,both_win,both_win
2026-05-26 23:00,0.99864,75879.01,75683.0,75549.4,103.2,133.6,75899.99,75899.99,no,False,split,split
2026-05-27 00:00,0.99854,75683.0,75579.01,75476.72,110.5,102.29,75699.99,75699.99,no,False,split,split
2026-05-27 01:00,0.99858,75579.01,75697.99,75615.66,107.32,82.33,75599.99,75599.99,yes,True,split,split
2026-05-27 02:00,0.99848,75697.99,75838.65,75726.3,115.06,112.35,75699.99,75699.99,yes,True,split,split
2026-05-27 03:00,0.9984,75838.65,75977.17,75863.11,121.34,114.06,75799.99,75899.99,no,True,split,both_win
2026-05-27 04:00,0.99848,75977.16,75873.24,75765.09,115.49,108.15,75999.99,75999.99,no,False,split,split
2026-05-27 05:00,0.99842,75873.25,75912.6,75805.3,119.88,107.3,75899.99,75899.99,no,True,both_win,both_win
2026-05-27 06:00,0.99842,75912.61,75909.82,75816.74,119.94,93.08,75899.99,75999.99,no,False,split,split
2026-05-27 07:00,0.99836,75909.82,75769.18,75642.91,124.49,126.27,75899.99,75999.99,no,False,split,split
2026-05-27 08:00,0.99838,75769.18,75688.0,75581.89,122.75,106.11,75799.99,75799.99,no,False,split,split
2026-05-27 09:00,0.99811,75688.01,75073.4,74922.44,143.05,150.96,75699.99,75699.99,no,False,split,split
2026-05-27 10:00,0.99818,75073.4,75031.92,74932.34,136.63,99.58,75099.99,75099.99,no,False,split,split
2026-05-27 11:00,0.9984,75031.92,75326.01,75206.23,120.05,119.78,74999.99,75099.99,yes,True,split,split
2026-05-27 12:00,0.99852,75326.02,75304.01,75179.09,111.48,124.92,75299.99,75399.99,no,False,split,split
2026-05-27 13:00,0.99832,75304.01,74860.42,74737.07,126.51,123.35,75299.99,75399.99,no,False,split,split
2026-05-27 14:00,0.99806,74860.42,75026.67,74876.47,145.23,150.2,74899.99,74899.99,no,True,both_win,both_win
2026-05-27 15:00,0.99829,75026.67,75066.08,74925.39,128.3,140.69,74999.99,75099.99,no,True,both_lose,both_win
2026-05-27 16:00,0.99841,75066.09,75274.58,75155.74,119.36,118.84,74999.99,75249.99,no,True,split,both_win
2026-05-27 17:00,0.9984,75274.58,74473.01,74355.95,120.44,117.06,75299.99,75299.99,no,False,split,split
2026-05-27 18:00,0.9986,74473.01,74418.13,74317.63,104.26,100.5,74499.99,74499.99,no,False,split,split
2026-05-27 19:00,0.99854,74418.12,74449.3,74336.97,108.65,112.33,74399.99,74499.99,no,True,both_lose,both_win
2026-05-27 20:00,0.99848,74449.31,74570.66,74441.92,113.16,128.74,74399.99,74499.99,no,True,split,both_win
2026-05-27 21:00,0.99849,74570.67,74344.08,74219.2,112.6,124.88,74599.99,74599.99,no,False,split,split
2026-05-27 22:00,0.99857,74344.07,74287.42,74154.13,106.31,133.29,74299.99,74399.99,no,False,split,split
2026-05-27 23:00,0.99857,74287.43,73258.01,73167.23,106.23,90.78,74299.99,74299.99,no,False,split,split
2026-05-28 00:00,0.99839,73258.0,73181.95,73047.92,117.95,134.03,73299.99,73299.99,no,False,split,split
2026-05-28 05:00,0.99837,73325.88,73541.24,73425.69,119.52,115.55,73299.99,73399.99,yes,True,split,split
2026-05-28 06:00,0.99848,73541.25,73400.01,73297.46,111.78,102.55,73499.99,73599.99,no,False,split,split
2026-05-28 07:00,0.9986,73400.01,73505.66,73394.09,102.76,111.57,73399.99,73499.99,no,True,both_lose,both_win
2026-05-28 08:00,0.99882,73505.65,73518.01,73407.54,86.74,110.47,73499.99,73599.99,no,True,both_lose,both_win
2026-05-28 09:00,0.99845,73518.01,73022.02,72895.64,113.95,126.38,73499.99,73599.99,no,False,split,split
2026-05-28 10:00,0.9984,73022.01,73033.06,72889.01,116.84,144.05,72999.99,73099.99,no,True,both_lose,both_win
2026-05-28 11:00,0.99837,73033.06,72928.73,72785.01,119.04,143.72,72999.99,73099.99,no,False,split,split
2026-05-28 12:00,0.99839,72928.73,73440.67,73308.17,117.42,132.5,72899.99,72999.99,yes,True,split,split
2026-05-28 13:00,0.99876,73440.66,73554.82,73449.67,91.07,105.15,73399.99,73499.99,no,True,split,both_win
2026-05-28 14:00,0.99866,73554.81,73652.88,73542.77,98.56,110.11,73599.99,73599.99,no,True,both_win,both_win
2026-05-28 15:00,0.99862,73652.87,73419.32,73318.21,101.64,101.11,73699.99,73699.99,no,False,split,split
2026-05-28 16:00,0.99873,73419.31,73579.99,73483.83,93.24,96.16,73499.99,73499.99,no,True,both_win,both_win
2026-05-28 17:00,0.99871,73580.0,73817.31,73734.24,94.92,83.07,73599.99,73599.99,yes,True,split,split
2026-05-28 18:00,0.99877,73817.31,73464.8,73371.49,90.8,93.31,73799.99,73899.99,no,False,split,split
2026-05-28 19:00,0.99877,73464.8,73617.51,73535.7,90.36,81.81,73499.99,73499.99,yes,True,split,split
2026-05-28 20:00,0.99868,73617.52,73716.37,73614.46,97.18,101.91,73599.99,73699.99,no,True,split,both_win
2026-05-28 21:00,0.99879,73716.37,73586.83,73497.15,89.2,89.68,73699.99,73799.99,no,False,split,split
2026-05-28 22:00,0.99869,73586.83,73225.06,73107.42,96.4,117.64,73599.99,73599.99,no,False,split,split
2026-05-28 23:00,0.99871,73225.07,73301.52,73198.54,94.46,102.98,73199.99,73299.99,no,True,both_lose,both_win
2026-05-29 00:00,0.99868,73301.53,73507.69,73401.15,96.76,106.54,73299.99,73399.99,yes,True,split,split
2026-05-29 01:00,0.99861,73507.68,73706.0,73596.62,102.18,109.38,73499.99,73599.99,no,True,split,both_win
2026-05-29 02:00,0.9987,73706.0,73786.32,73685.66,95.82,100.66,73699.99,73799.99,no,True,both_lose,both_win
2026-05-29 03:00,0.99864,73786.32,73528.56,73403.05,100.35,125.51,73799.99,73799.99,no,False,split,split
2026-05-29 04:00,0.99865,73528.55,73653.4,73551.32,99.26,102.08,73499.99,73599.99,no,True,split,both_win
2026-05-29 05:00,0.99861,73653.4,73744.96,73646.75,102.38,98.21,73699.99,73699.99,no,True,both_win,both_win
2026-05-29 06:00,0.99871,73744.96,73634.64,73561.78,95.13,72.86,73699.99,73799.99,no,False,split,split
2026-05-29 07:00,0.99873,73634.64,73487.98,73373.64,93.52,114.34,73599.99,73699.99,no,False,split,split
2026-05-29 08:00,0.99878,73487.98,73295.73,73195.74,89.66,99.99,73499.99,73499.99,no,False,split,split
2026-05-29 09:00,0.9987,73295.73,73135.7,73046.79,95.28,88.91,73299.99,73299.99,no,False,split,split
2026-05-29 10:00,0.99864,73135.7,73096.85,73002.02,99.46,94.83,73099.99,73199.99,no,False,split,split
2026-05-29 11:00,0.99868,73096.84,73808.26,73707.29,96.49,100.97,73099.99,73099.99,yes,True,split,split
2026-05-29 12:00,0.9987,73808.25,74056.5,73972.54,95.95,83.96,73799.99,73899.99,yes,True,split,split
2026-05-29 13:00,0.99869,74056.49,73980.94,73895.96,97.01,84.98,74099.99,74099.99,no,False,split,split
2026-05-29 14:00,0.99868,73980.94,73374.52,73265.26,97.65,109.26,73999.99,73999.99,no,False,split,split
2026-05-29 15:00,0.99871,73374.51,73520.28,73433.44,94.65,86.84,73399.99,73399.99,yes,True,split,split
2026-05-29 16:00,0.99875,73520.29,73673.61,73574.33,91.9,99.28,73499.99,73999.99,no,True,split,both_win
2026-05-29 17:00,0.99889,73673.62,73409.27,73343.16,81.78,66.11,73699.99,73699.99,no,False,split,split
2026-05-29 18:00,0.99885,73409.27,73483.52,73391.6,84.42,91.92,73399.99,73499.99,no,True,both_lose,both_win
2026-05-29 19:00,0.99878,73483.51,73460.78,73377.45,89.65,83.33,73499.99,73499.99,no,False,split,split
2026-05-29 20:00,0.99871,73460.78,73498.8,73448.94,94.76,49.86,73499.99,73499.99,no,True,both_win,both_win
2026-05-29 21:00,0.99864,73498.8,73657.9,73566.85,99.96,91.05,73499.99,73499.99,yes,True,split,split
2026-05-29 22:00,0.99874,73657.9,73786.69,73676.21,92.81,110.48,73699.99,73699.99,no,True,both_win,both_win
2026-05-29 23:00,0.99879,73786.7,73524.01,73440.36,89.28,83.65,73799.99,73799.99,no,False,split,split
2026-05-30 00:00,0.99864,73524.01,73402.84,73301.11,99.99,101.73,73499.99,73599.99,no,False,split,split
2026-05-30 01:00,0.99883,73402.85,73604.99,73511.48,85.88,93.51,73399.99,73499.99,yes,True,split,split
2026-05-30 02:00,0.9995,73604.99,73584.99,73504.37,36.8,80.62,73599.99,73699.99,no,False,split,split
2026-05-30 03:00,0.99891,73584.99,73548.6,73452.81,80.21,95.79,73599.99,73599.99,no,False,split,split
2026-05-30 04:00,0.99886,73548.6,73530.07,73413.61,83.85,116.46,73499.99,73599.99,no,False,split,split
2026-05-30 05:00,0.99886,73530.07,73615.46,73514.16,83.82,101.3,73499.99,73599.99,no,True,split,both_win
2026-05-30 06:00,0.99887,73615.46,73655.85,73533.43,83.19,122.42,73599.99,73699.99,no,True,both_lose,both_win
2026-05-30 07:00,0.99887,73655.85,73602.02,73506.52,83.23,95.5,73699.99,73699.99,no,False,split,split
2026-05-30 08:00,0.99879,73602.01,73698.18,73594.85,89.06,103.33,73599.99,73699.99,no,True,both_lose,both_win
2026-05-30 09:00,0.99879,73698.17,73829.31,73731.71,89.17,97.6,73699.99,73699.99,yes,True,split,split
2026-05-30 10:00,0.99877,73829.31,73929.11,73834.04,90.81,95.07,73799.99,73899.99,no,True,split,both_win
2026-05-30 11:00,0.99857,73929.11,73930.14,73813.06,105.72,117.08,73899.99,73999.99,no,True,both_lose,both_win
2026-05-30 12:00,0.99875,73930.13,73934.99,73831.75,92.41,103.24,73899.99,73999.99,no,True,both_lose,both_win
2026-05-30 13:00,0.99862,73935.0,74020.07,73918.01,102.03,102.06,73899.99,73999.99,no,True,split,both_win
2026-05-30 14:00,0.99872,74020.06,74043.38,73945.35,94.75,98.03,73999.99,74099.99,no,True,both_lose,both_win
2026-05-30 15:00,0.99861,74043.39,74016.65,73913.99,102.92,102.66,73999.99,74099.99,no,False,split,split
2026-05-30 16:00,0.99869,74016.64,73979.84,73866.27,96.96,113.57,73999.99,74249.99,no,False,split,split
2026-05-30 17:00,0.99867,73979.85,73981.99,73860.85,98.39,121.14,73999.99,73999.99,no,True,both_win,both_win
2026-05-30 18:00,0.99862,73981.99,73883.3,73781.66,102.1,101.64,73999.99,73999.99,no,False,split,split
2026-05-30 19:00,0.99866,73883.3,73884.38,73765.83,99.0,118.55,73899.99,73899.99,no,True,both_win,both_win
2026-05-30 20:00,0.99869,73884.38,74038.2,73933.48,96.79,104.72,73899.99,73899.99,yes,True,split,split
2026-05-30 21:00,0.99857,74038.2,74058.01,73961.07,105.87,96.94,73999.99,74099.99,no,True,both_lose,both_win
2026-05-30 22:00,0.99857,74058.01,74090.84,73992.04,105.9,98.8,74099.99,74099.99,no,True,both_win,both_win
2026-05-30 23:00,0.99867,74090.84,74150.64,74050.86,98.54,99.78,74099.99,74099.99,no,True,both_win,both_win
2026-05-31 00:00,0.99867,74150.64,74178.4,74094.56,98.62,83.84,74199.99,74199.99,no,True,both_win,both_win
2026-05-31 01:00,0.9986,74178.41,74055.98,73973.13,103.85,82.85,74199.99,74199.99,no,False,split,split
2026-05-31 02:00,0.99869,74055.99,74054.87,73962.71,97.01,92.16,74099.99,74099.99,no,False,split,split
2026-05-31 03:00,0.99873,74054.86,73871.24,73775.23,94.05,96.01,74099.99,74099.99,no,False,split,split
2026-05-31 04:00,0.9986,73871.25,73937.61,73853.18,103.42,84.43,73899.99,73899.99,no,True,both_win,both_win
2026-05-31 05:00,0.99872,73937.62,73841.79,73737.32,94.64,104.47,73899.99,73999.99,no,False,split,split
2026-05-31 06:00,0.99874,73841.79,73900.0,73798.47,93.04,101.53,73799.99,73899.99,no,True,both_lose,both_win
2026-05-31 07:00,0.99876,73900.0,73937.79,73872.26,91.64,65.53,73899.99,73999.99,no,True,both_lose,both_win
2026-05-31 08:00,0.99858,73937.63,73920.0,73823.1,104.99,96.9,73899.99,73999.99,no,False,split,split
2026-05-31 09:00,0.99867,73920.0,73872.8,73770.72,98.31,102.08,73899.99,73999.99,no,False,split,split
2026-05-31 10:00,0.99858,73872.8,73602.17,73521.07,104.9,81.1,73899.99,73899.99,no,False,split,split
2026-05-31 11:00,0.99855,73602.18,73655.21,73563.99,106.72,91.22,73599.99,73699.99,no,True,both_lose,both_win
2026-05-31 12:00,0.99856,73655.2,73526.14,73439.45,106.06,86.69,73699.99,73699.99,no,False,split,split
2026-05-31 13:00,0.99868,73526.15,73709.44,73604.88,97.05,104.56,73499.99,73599.99,yes,True,split,split
2026-05-31 14:00,0.99874,73709.43,73603.69,73532.22,92.87,71.47,73699.99,73799.99,no,False,split,split
2026-05-31 15:00,0.9986,73603.68,73563.42,73470.52,103.05,92.9,73599.99,73699.99,no,False,split,split
2026-05-31 16:00,0.99857,73563.41,73739.66,73637.64,105.2,102.02,73499.99,73749.99,no,True,split,both_win
2026-05-31 17:00,0.9987,73739.67,73892.52,73784.56,95.86,107.96,73699.99,73799.99,no,True,split,both_win
2026-05-31 18:00,0.99856,73892.52,73944.62,73874.45,106.41,70.17,73899.99,73899.99,no,True,both_win,both_win
2026-05-31 19:00,0.99862,73944.62,73674.39,73578.23,102.04,96.16,73899.99,73999.99,no,False,split,split
2026-05-31 20:00,0.99865,73674.39,73885.0,73795.81,99.46,89.19,73699.99,73699.99,yes,True,split,split
2026-05-31 21:00,0.99858,73885.01,73292.92,73211.42,104.92,81.5,73899.99,73899.99,no,False,split,split
2026-05-31 22:00,0.99858,73292.92,73790.0,73706.02,104.08,83.98,73299.99,73299.99,yes,True,split,split
2026-05-31 23:00,0.99866,73789.99,73769.06,73675.9,98.88,93.16,73799.99,73799.99,no,False,split,split
2026-06-01 00:00,0.9986,73769.06,73536.01,73457.91,103.28,78.1,73799.99,73799.99,no,False,split,split
2026-06-01 01:00,0.99862,73536.01,73350.0,73259.05,101.48,90.95,73499.99,73599.99,no,False,split,split
2026-06-01 02:00,0.99865,73349.99,73135.74,73046.1,99.02,89.64,73299.99,73399.99,no,False,split,split
2026-06-01 03:00,0.99878,73135.75,72818.0,72727.19,89.23,90.81,73099.99,73199.99,no,False,split,split
2026-06-01 04:00,0.99876,72818.0,72902.65,72808.88,90.29,93.77,72799.99,72899.99,no,True,split,both_win
2026-06-01 05:00,0.99888,72902.64,72880.0,72800.66,81.65,79.34,72899.99,72999.99,no,False,split,split
2026-06-01 06:00,0.99889,72880.0,72748.88,72670.76,80.9,78.12,72899.99,72899.99,no,False,split,split
2026-06-01 07:00,0.99874,72748.88,72479.99,72325.92,91.66,154.07,72699.99,72799.99,no,False,split,split
2026-06-01 08:00,0.99876,72480.0,72221.73,72126.36,89.88,95.37,72499.99,72499.99,no,False,split,split
2026-06-01 09:00,0.99847,72221.74,71711.89,71586.91,110.5,124.98,72199.99,72299.99,no,False,split,split
2026-06-01 10:00,0.99851,71711.89,71567.91,71401.85,106.85,166.06,71699.99,71799.99,no,False,split,split
2026-06-01 11:00,0.99834,71567.91,71129.62,70985.18,118.8,144.44,71599.99,71599.99,no,False,split,split
2026-06-01 12:00,0.99848,71129.62,71564.01,71466.69,108.12,97.32,71099.99,71199.99,yes,True,split,split
2026-06-01 13:00,0.99861,71564.01,71646.01,71570.0,99.47,76.01,71599.99,71599.99,no,True,both_win,both_win
2026-06-01 14:00,0.99868,71646.0,71498.64,71421.3,94.57,77.34,71599.99,71699.99,no,False,split,split
2026-06-01 15:00,0.99873,71498.64,71595.24,71490.83,90.8,104.41,71499.99,71499.99,no,True,both_win,both_win
2026-06-01 16:00,0.99896,71595.24,71446.0,71359.93,74.46,86.07,71499.99,71749.99,no,False,split,split
2026-06-01 17:00,0.99875,71445.99,71038.01,70962.09,89.31,75.92,71399.99,71499.99,no,False,split,split
2026-06-01 18:00,0.9988,71038.01,71408.0,71329.23,85.25,78.77,70999.99,71099.99,yes,True,split,split
2026-06-01 19:00,0.99862,71407.99,71408.9,71334.79,98.54,74.11,71399.99,71499.99,no,True,both_lose,both_win
2026-06-01 20:00,0.99891,71408.9,71289.23,71183.19,77.84,106.04,71399.99,71499.99,no,False,split,split
2026-06-01 21:00,0.99871,71289.24,70652.47,70632.13,91.96,20.34,71299.99,71299.99,no,False,split,split
2026-06-01 22:00,0.99872,70652.47,70846.49,70694.9,90.44,151.59,70699.99,70699.99,no,True,both_win,both_win
2026-06-01 23:00,0.99863,70846.48,70953.69,70855.57,97.06,98.12,70799.99,70899.99,no,True,split,both_win
2026-06-02 00:00,0.9986,70953.7,70810.0,70701.22,99.34,108.78,70999.99,70999.99,no,False,split,split
2026-06-02 01:00,0.99847,70810.0,70268.96,70184.96,108.34,84.0,70799.99,70899.99,no,False,split,split
2026-06-02 02:00,0.99844,70268.97,70106.31,70008.12,109.62,98.19,70299.99,70299.99,no,False,split,split
2026-06-02 03:00,0.99862,70106.31,70118.42,70026.42,96.75,92.0,70099.99,70199.99,no,True,both_lose,both_win
2026-06-02 04:00,0.99854,70118.42,69821.99,69712.58,102.37,109.41,70099.99,70199.99,no,False,split,split
2026-06-02 05:00,0.99849,69822.0,69426.01,69321.26,105.43,104.75,69799.99,69899.99,no,False,split,split
2026-06-02 06:00,0.99845,69426.01,69652.19,69570.46,107.61,81.73,69399.99,69499.99,yes,True,split,split
2026-06-02 07:00,0.99873,69652.18,69461.72,69398.38,88.46,63.34,69699.99,69699.99,no,False,split,split
2026-06-02 08:00,0.99861,69461.73,69010.42,68975.68,96.55,34.74,69499.99,69499.99,no,False,split,split
2026-06-02 09:00,0.99854,69010.41,68811.91,68680.28,100.76,131.63,68999.99,69099.99,no,False,split,split
2026-06-02 10:00,0.99837,68809.93,68019.3,67876.14,112.16,143.16,68799.99,68899.99,no,False,split,split
2026-06-02 11:00,0.99843,68019.3,67304.28,67192.48,106.79,111.8,67999.99,68099.99,no,False,split,split
2026-06-02 12:00,0.99834,67304.29,67413.44,67317.28,111.73,96.16,67299.99,67399.99,no,True,split,both_win
2026-06-02 13:00,0.9984,67413.44,67492.34,67390.43,107.86,101.91,67399.99,67499.99,no,True,both_lose,both_win
2026-06-02 14:00,0.99852,67492.34,67341.99,67243.58,99.89,98.41,67499.99,67499.99,no,False,split,split
2026-06-02 15:00,0.99846,67341.99,67315.14,67180.88,103.71,134.26,67299.99,67399.99,no,False,split,split
2026-06-02 16:00,0.99867,67315.14,67587.77,67498.77,89.53,89.0,67249.99,67499.99,no,True,split,both_win
2026-06-02 17:00,0.99869,67587.78,67566.01,67481.21,88.54,84.8,67599.99,67599.99,no,False,split,split
2026-06-02 18:00,0.99852,67566.01,66385.2,66251.23,100.0,133.97,67599.99,67599.99,no,False,split,split
2026-06-02 19:00,0.99858,66385.2,66760.83,66673.06,94.27,87.77,66399.99,66399.99,yes,True,split,split
2026-06-02 20:00,0.99868,66760.84,66938.01,66871.53,88.12,66.48,66799.99,66799.99,yes,True,split,split
2026-06-02 21:00,0.9987,66938.01,66920.0,66846.01,87.02,73.99,66899.99,66999.99,no,False,split,split
2026-06-02 22:00,0.99872,66920.0,66620.01,66545.81,85.66,74.2,66899.99,66999.99,no,False,split,split
2026-06-02 23:00,0.99866,66620.0,65849.9,65770.85,89.27,79.05,66599.99,66699.99,no,False,split,split
2026-06-03 00:00,0.99866,65849.9,66465.98,66382.72,88.24,83.26,65799.99,65899.99,yes,True,split,split
2026-06-03 01:00,0.99863,66465.99,67330.01,67274.24,91.06,55.77,66499.99,66499.99,yes,True,split,split
2026-06-03 02:00,0.99864,67330.0,66983.27,66906.51,91.57,76.76,67299.99,67399.99,no,False,split,split
2026-06-03 03:00,0.99879,66983.27,67220.03,67139.87,81.05,80.16,66999.99,66999.99,yes,True,split,split
2026-06-03 04:00,0.99872,67220.03,67028.0,66941.22,86.04,86.78,67199.99,67299.99,no,False,split,split
2026-06-03 05:00,0.99865,67028.01,67075.17,67012.18,90.49,62.99,66999.99,67099.99,no,True,split,both_win
2026-06-03 06:00,0.99862,67075.18,67294.52,67201.8,92.56,92.72,67099.99,67099.99,yes,True,split,split
2026-06-03 07:00,0.99851,67294.51,67067.37,66985.33,100.27,82.04,67299.99,67299.99,no,False,split,split
2026-06-03 08:00,0.99864,67067.37,67078.72,66995.99,91.21,82.73,67099.99,67099.99,no,True,both_win,both_win
2026-06-03 09:00,0.99851,67078.72,66906.01,66803.07,99.95,102.94,67099.99,67099.99,no,False,split,split
2026-06-03 10:00,0.99855,66906.0,66864.95,66762.99,97.01,101.96,66899.99,66999.99,no,False,split,split
2026-06-03 11:00,0.99861,66864.95,66076.01,65999.19,92.94,76.82,66899.99,66899.99,no,False,split,split
2026-06-03 12:00,0.99863,66076.01,66061.83,65970.37,90.52,91.46,66099.99,66099.99,no,False,split,split
2026-06-03 13:00,0.99861,66061.83,65964.08,65884.97,91.83,79.11,66099.99,66099.99,no,False,split,split
2026-06-03 14:00,0.99875,65964.08,66036.57,65957.33,82.46,79.24,65999.99,65999.99,no,True,both_win,both_win
2026-06-03 15:00,0.99863,66036.56,65462.0,65380.34,90.47,81.66,65999.99,66099.99,no,False,split,split
2026-06-03 16:00,0.99876,65461.99,65007.27,64912.23,81.17,95.04,65499.99,65499.99,no,False,split,split
2026-06-03 17:00,0.99869,65007.27,65768.88,65672.31,85.16,96.57,64999.99,65099.99,yes,True,split,split
2026-06-03 18:00,0.99863,65768.89,64912.98,64787.52,90.1,125.46,65799.99,65799.99,no,False,split,split
2026-06-03 19:00,0.99872,64912.97,64142.75,64026.85,83.09,115.9,64899.99,64999.99,no,False,split,split
2026-06-03 20:00,0.99865,64142.75,63344.97,63221.29,86.59,123.68,64099.99,64199.99,no,False,split,split
2026-06-03 21:00,0.99864,63344.98,62178.1,62111.88,86.15,66.22,63299.99,63399.99,no,False,split,split
2026-06-03 22:00,0.99882,62178.1,63231.99,63139.63,73.37,92.36,62199.99,62199.99,yes,True,split,split
2026-06-03 23:00,0.99878,63232.0,64363.49,64290.56,77.14,72.93,63199.99,63299.99,yes,True,split,split
2026-06-04 00:00,0.99905,64363.49,64399.99,64327.8,61.15,72.19,64399.99,64399.99,no,True,both_win,both_win
2026-06-04 05:00,0.9987,63629.99,63266.0,63140.73,82.72,125.27,63599.99,63699.99,no,False,split,split
2026-06-04 06:00,0.99871,63266.01,62420.0,62388.7,81.61,31.3,63299.99,63299.99,no,False,split,split
2026-06-04 07:00,0.99886,62420.01,62545.99,62479.94,71.16,66.05,62399.99,62499.99,no,True,split,both_win
2026-06-04 08:00,0.99896,62546.0,63766.82,63695.78,65.05,71.04,62499.99,62599.99,yes,True,split,split
2026-06-04 09:00,0.99886,63766.82,64230.0,64122.58,72.69,107.42,63799.99,63799.99,yes,True,split,split
2026-06-04 10:00,0.99906,64230.0,63958.97,63894.63,60.38,64.34,64199.99,64299.99,no,False,split,split
2026-06-04 11:00,0.99893,63958.97,63896.17,63883.33,68.44,12.84,63999.99,63999.99,no,False,split,split
2026-06-04 12:00,0.99898,63896.16,63563.51,63493.59,65.17,69.92,63899.99,63899.99,no,False,split,split
2026-06-04 13:00,0.99872,63563.51,63540.97,63454.3,81.36,86.67,63599.99,63599.99,no,False,split,split
2026-06-04 14:00,0.99885,63540.96,63819.62,63765.68,73.07,53.94,63499.99,63599.99,yes,True,split,split
2026-06-04 15:00,0.99873,63819.62,63629.38,63598.59,81.05,30.79,63799.99,63899.99,no,False,split,split
2026-06-04 16:00,0.99914,63629.38,63638.4,63578.9,54.72,59.5,63749.99,63749.99,no,True,both_win,both_win
2026-06-04 17:00,0.99905,63638.4,63286.21,63232.72,60.46,53.49,63599.99,63699.99,no,False,split,split
2026-06-04 18:00,0.99899,63286.21,63735.43,63692.33,63.92,43.1,63299.99,63299.99,yes,True,split,split
2026-06-04 19:00,0.99887,63735.42,63885.99,63815.34,72.02,70.65,63699.99,63799.99,yes,True,split,split
2026-06-04 20:00,0.99894,63885.99,63426.72,63352.53,67.72,74.19,63899.99,63899.99,no,False,split,split
2026-06-04 21:00,0.99878,63426.73,63374.67,63312.88,77.38,61.79,63399.99,63499.99,no,False,split,split
2026-06-04 22:00,0.99887,63374.67,62617.72,62547.94,71.61,69.78,63399.99,63399.99,no,False,split,split
2026-06-04 23:00,0.99872,62617.72,62730.0,62650.53,80.15,79.47,62599.99,62699.99,no,True,split,both_win
2026-06-05 00:00,0.99883,62730.0,63615.23,63544.52,73.39,70.71,62699.99,62799.99,yes,True,split,split
2026-06-05 01:00,0.99892,63615.22,62329.35,62269.21,68.7,60.14,63599.99,63699.99,no,False,split,split
2026-06-05 02:00,0.99889,62329.36,61946.57,61868.44,69.19,78.13,62299.99,62399.99,no,False,split,split
2026-06-05 03:00,0.99901,61946.57,63115.99,63002.09,61.33,113.9,61899.99,61999.99,yes,True,split,split
2026-06-05 04:00,0.99899,63115.99,62454.64,62408.8,63.75,45.84,63099.99,63199.99,no,False,split,split
2026-06-05 05:00,0.99895,62454.64,62860.09,62806.88,65.58,53.21,62499.99,62499.99,yes,True,split,split
2026-06-05 06:00,0.99915,62860.09,62536.87,62503.25,53.43,33.62,62899.99,62899.99,no,False,split,split
2026-06-05 07:00,0.99899,62536.87,61964.99,61946.99,63.16,18.0,62499.99,62599.99,no,False,split,split
2026-06-05 08:00,0.99903,61964.99,61959.73,61917.81,60.11,41.92,61999.99,61999.99,no,False,split,split
2026-06-05 09:00,0.9991,61959.72,60732.36,60715.38,55.76,16.98,61999.99,61999.99,no,False,split,split
2026-06-05 10:00,0.99934,60732.36,60868.97,60838.44,40.08,30.53,60699.99,60799.99,yes,True,split,split
2026-06-05 11:00,0.99925,60868.98,60438.01,60438.4,45.65,-0.39,60899.99,60899.99,no,False,split,split
2026-06-05 12:00,0.99932,60438.0,61394.39,61389.54,41.1,4.85,60399.99,60499.99,yes,True,split,split
2026-06-05 13:00,0.99934,61394.38,60813.99,60750.02,40.52,63.97,61399.99,61399.99,no,False,split,split
2026-06-05 14:00,0.99934,60814.0,59395.99,59366.86,40.14,29.13,60799.99,60899.99,no,False,split,split
2026-06-05 15:00,0.99938,59396.0,60300.24,60340.2,36.83,-39.96,59399.99,59399.99,yes,True,split,split
2026-06-05 16:00,0.9996,60300.24,61620.01,61638.06,24.12,-18.05,60249.99,60499.99,yes,True,split,split
2026-06-05 17:00,0.99955,61620.01,61670.38,61658.1,27.73,12.28,61599.99,61699.99,no,True,split,both_win
2026-06-05 18:00,0.99966,61670.38,61584.49,61584.39,20.97,0.1,61699.99,61699.99,no,False,split,split
2026-06-05 19:00,0.99968,61584.49,61056.47,60967.28,19.71,89.19,61599.99,61599.99,no,False,split,split
2026-06-05 20:00,0.99966,61056.47,61273.29,61266.3,20.76,6.99,61099.99,61099.99,yes,True,split,split
2026-06-05 21:00,0.99974,61273.29,61058.95,61074.46,15.93,-15.51,61299.99,61299.99,no,False,split,split
2026-06-05 22:00,0.99968,61058.95,60951.64,60954.07,19.54,-2.43,61099.99,61099.99,no,False,split,split
2026-06-05 23:00,0.99966,60951.63,60687.04,60670.3,20.72,16.74,60999.99,60999.99,no,False,split,split
2026-06-06 00:00,0.99968,60687.05,60101.27,60080.82,19.42,20.45,60699.99,60699.99,no,False,split,split
2026-06-06 01:00,0.99951,60101.28,60942.38,60930.92,29.45,11.46,60099.99,60199.99,yes,True,split,split
2026-06-06 02:00,0.99947,60942.37,60786.96,60745.1,32.3,41.86,60899.99,60999.99,no,False,split,split
2026-06-06 03:00,0.99947,60786.96,61004.95,60972.98,32.22,31.97,60799.99,60799.99,yes,True,split,split
2026-06-06 04:00,0.99959,61004.95,61264.0,61244.72,25.01,19.28,60999.99,61099.99,yes,True,split,split
2026-06-06 05:00,0.99943,61264.0,60981.24,60949.89,34.92,31.35,61299.99,61299.99,no,False,split,split
2026-06-06 06:00,0.99949,60981.24,60593.0,60548.21,31.1,44.79,60999.99,60999.99,no,False,split,split
2026-06-06 07:00,0.99947,60593.0,60802.91,60759.07,32.11,43.84,60599.99,60599.99,yes,True,split,split
2026-06-06 08:00,0.9995,60802.9,61030.63,61003.73,30.4,26.9,60799.99,60899.99,yes,True,split,split
2026-06-06 09:00,0.99953,61030.63,60801.2,60789.64,28.68,11.56,60999.99,61099.99,no,False,split,split
2026-06-06 10:00,0.99947,60801.2,60791.05,60780.19,32.22,10.86,60799.99,60899.99,no,False,split,split
2026-06-06 11:00,0.99954,60791.06,60784.0,60775.32,27.96,8.68,60799.99,60799.99,no,False,split,split
2026-06-06 12:00,0.99951,60784.01,60774.0,60737.27,29.78,36.73,60799.99,60799.99,no,False,split,split
2026-06-06 13:00,0.9996,60774.0,60576.2,60560.46,24.31,15.74,60799.99,60799.99,no,False,split,split
2026-06-06 14:00,0.9995,60576.19,60637.21,60616.98,30.29,20.23,60599.99,60599.99,yes,True,split,split
2026-06-06 15:00,0.99952,60637.2,60600.01,60575.84,29.11,24.17,60599.99,60699.99,no,False,split,split
2026-06-06 16:00,0.9995,60600.0,60711.69,60691.66,30.3,20.03,60499.99,60749.99,no,True,split,both_win
2026-06-06 17:00,0.99952,60711.69,60751.21,60730.06,29.14,21.15,60699.99,60799.99,no,True,split,both_win
2026-06-06 18:00,0.9995,60751.22,60543.53,60584.16,30.38,-40.63,60799.99,60799.99,no,False,split,split
2026-06-06 19:00,0.99951,60543.52,60884.62,60861.15,29.67,23.47,60499.99,60599.99,yes,True,split,split
2026-06-06 20:00,0.99961,60884.62,60782.01,60765.73,23.75,16.28,60899.99,60899.99,no,False,split,split
2026-06-06 21:00,0.9996,60782.0,61479.75,61469.13,24.31,10.62,60799.99,60799.99,yes,True,split,split
2026-06-06 22:00,0.99948,61479.75,61506.74,61480.47,31.97,26.27,61499.99,61499.99,no,True,both_win,both_win
2026-06-06 23:00,0.9996,61506.73,61701.07,61685.9,24.6,15.17,61499.99,61599.99,yes,True,split,split
2026-06-07 00:00,0.99948,61701.06,61890.92,61874.21,32.08,16.71,61699.99,61799.99,yes,True,split,split
2026-06-07 01:00,0.99958,61890.92,61748.1,61739.34,25.99,8.76,61899.99,61899.99,no,False,split,split
2026-06-07 02:00,0.99953,61748.11,62101.0,62123.38,29.02,-22.38,61699.99,61799.99,yes,True,split,split
2026-06-07 03:00,0.9996,62101.01,62404.73,62377.64,24.84,27.09,62099.99,62199.99,yes,True,split,split
2026-06-07 04:00,0.99959,62404.72,62855.01,62816.58,25.59,38.43,62399.99,62499.99,yes,True,split,split
2026-06-07 05:00,0.99959,62855.0,62530.0,62509.6,25.77,20.4,62899.99,62899.99,no,False,split,split
2026-06-07 06:00,0.99964,62530.0,62370.52,62353.89,22.51,16.63,62499.99,62599.99,no,False,split,split
2026-06-07 07:00,0.99966,62370.53,62621.96,62613.86,21.21,8.1,62399.99,62399.99,yes,True,split,split
2026-06-07 08:00,0.99967,62621.97,61900.67,61887.7,20.67,12.97,62599.99,62699.99,no,False,split,split
2026-06-07 09:00,0.99968,61900.66,61700.13,61706.91,19.81,-6.78,61899.99,61999.99,no,False,split,split
2026-06-07 10:00,0.99962,61700.14,61905.49,61881.47,23.45,24.02,61699.99,61799.99,yes,True,split,split
2026-06-07 11:00,0.99963,61905.49,62093.99,62059.92,22.91,34.07,61899.99,61999.99,yes,True,split,split
2026-06-07 12:00,0.99965,62093.99,62083.64,62045.78,21.73,37.86,62099.99,62099.99,no,False,split,split
2026-06-07 13:00,0.99957,62083.64,62160.01,62138.44,26.7,21.57,62099.99,62099.99,yes,True,split,split
2026-06-07 14:00,0.99972,62160.01,62030.14,62023.57,17.4,6.57,62199.99,62199.99,no,False,split,split
2026-06-07 15:00,0.99957,62030.15,61328.0,61286.62,26.67,41.38,61999.99,62099.99,no,False,split,split
2026-06-07 16:00,0.99962,61327.99,61878.01,61879.71,23.3,-1.7,61249.99,61499.99,yes,True,split,split
2026-06-07 17:00,0.99959,61878.0,61778.41,61748.49,25.37,29.92,61899.99,61899.99,no,False,split,split
2026-06-07 19:00,0.99961,62865.87,63332.01,63292.96,24.52,39.05,62899.99,62899.99,yes,True,split,split
2026-06-07 20:00,0.99961,63332.01,63631.42,63624.6,24.7,6.82,63299.99,63399.99,yes,True,split,split
2026-06-07 21:00,0.99965,63631.43,63211.41,63152.4,22.27,59.01,63599.99,63699.99,no,False,split,split
2026-06-07 22:00,0.99948,63211.41,63129.93,63106.54,32.87,23.39,63199.99,63299.99,no,False,split,split
2026-06-07 23:00,0.99939,63129.94,63130.12,63092.75,38.51,37.37,63099.99,63199.99,no,True,both_lose,both_win
2026-06-08 00:00,0.99939,63130.12,62684.61,62735.86,38.51,-51.25,63099.99,63199.99,no,False,split,split
2026-06-08 01:00,0.99934,62684.61,62764.0,62701.81,41.37,62.19,62699.99,62699.99,yes,True,split,split
2026-06-08 02:00,0.99932,62763.99,62988.03,62963.12,42.68,24.91,62799.99,62799.99,yes,True,split,split
2026-06-08 03:00,0.99912,62988.58,63283.99,63254.16,55.43,29.83,62999.99,62999.99,yes,True,split,split
2026-06-08 04:00,0.99899,63284.0,63132.83,63114.58,63.92,18.25,63299.99,63299.99,no,False,split,split
2026-06-08 05:00,0.99922,63132.84,63502.0,63452.43,49.24,49.57,63099.99,63199.99,yes,True,split,split
2026-06-08 06:00,0.99915,63501.99,63172.3,63103.07,53.98,69.23,63499.99,63599.99,no,False,split,split
2026-06-08 07:00,0.99932,63172.3,63479.61,63442.96,42.96,36.65,63199.99,63199.99,yes,True,split,split
2026-06-08 08:00,0.99924,63479.62,63872.0,63809.45,48.24,62.55,63499.99,63499.99,yes,True,split,split
2026-06-08 09:00,0.99935,63872.0,63758.0,63751.15,41.52,6.85,63899.99,63899.99,no,False,split,split
2026-06-08 10:00,0.99959,63758.0,63964.08,63963.73,26.14,0.35,63799.99,63799.99,yes,True,split,split
2026-06-08 11:00,0.99948,63964.07,63774.48,63717.24,33.26,57.24,63999.99,63999.99,no,False,split,split
2026-06-08 12:00,0.99929,63774.48,63532.01,63474.44,45.28,57.57,63799.99,63799.99,no,False,split,split
2026-06-08 13:00,0.99936,63532.01,63550.0,63509.4,40.66,40.6,63499.99,63599.99,no,True,split,both_win
2026-06-08 14:00,0.99949,63549.99,63466.83,63440.24,32.41,26.59,63499.99,63599.99,no,False,split,split
2026-06-08 15:00,0.99956,63466.83,63372.01,63363.18,27.93,8.83,63499.99,63499.99,no,False,split,split
2026-06-08 16:00,0.99953,63372.01,63485.49,63441.8,29.78,43.69,63249.99,63499.99,no,True,split,both_win
2026-06-08 17:00,0.99989,63485.49,63728.96,63739.73,6.98,-10.77,63499.99,63499.99,yes,True,split,split
2026-06-08 18:00,0.99983,63728.96,63440.01,63430.79,10.83,9.22,63699.99,63799.99,no,False,split,split
2026-06-08 19:00,0.99961,63440.0,63085.99,63073.14,24.74,12.85,63399.99,63499.99,no,False,split,split
2026-06-08 20:00,0.99965,63086.0,62562.0,62529.57,22.08,32.43,63099.99,63099.99,no,False,split,split
2026-06-08 21:00,0.99963,62562.0,62764.01,62773.52,23.15,-9.51,62599.99,62599.99,yes,True,split,split
2026-06-08 22:00,0.99954,62764.0,62868.0,62842.71,28.87,25.29,62799.99,62799.99,yes,True,split,split
2026-06-08 23:00,0.9995,62867.99,62875.17,62852.82,31.43,22.35,62899.99,62899.99,no,True,both_win,both_win
2026-06-09 00:00,0.99928,62875.18,63242.36,63233.51,45.27,8.85,62899.99,62899.99,yes,True,split,split
2026-06-09 01:00,0.99944,63242.36,63338.68,63317.07,35.42,21.61,63199.99,63299.99,yes,True,split,split
2026-06-09 02:00,0.9994,63338.69,63300.0,63260.17,38.0,39.83,63299.99,63399.99,no,False,split,split
2026-06-09 03:00,0.99932,63300.0,63198.44,63161.68,43.04,36.76,63299.99,63399.99,no,False,split,split
2026-06-09 04:00,0.9994,63198.44,62849.75,62827.15,37.92,22.6,63199.99,63199.99,no,False,split,split
2026-06-09 05:00,0.99944,62849.75,62715.37,62685.3,35.2,30.07,62799.99,62899.99,no,False,split,split
2026-06-09 06:00,0.99929,62715.37,62786.01,62764.48,44.53,21.53,62699.99,62799.99,no,True,split,both_win
2026-06-09 07:00,0.9993,62786.0,62711.12,62691.48,43.95,19.64,62799.99,62799.99,no,False,split,split
2026-06-09 08:00,0.99943,62711.12,62645.15,62558.07,35.75,87.08,62699.99,62799.99,no,False,split,split
2026-06-09 09:00,0.99943,62645.14,62273.61,62303.53,35.71,-29.92,62599.99,62699.99,no,False,split,split
2026-06-09 10:00,0.99952,62273.62,61541.95,61450.81,29.89,91.14,62299.99,62299.99,no,False,split,split
2026-06-09 11:00,0.99936,61541.95,61131.84,61111.99,39.39,19.85,61499.99,61599.99,no,False,split,split
2026-06-09 12:00,0.99939,61131.85,61390.51,61375.32,37.29,15.19,61099.99,61199.99,yes,True,split,split
2026-06-09 13:00,0.99923,61390.51,61692.01,61666.83,47.27,25.18,61399.99,61399.99,yes,True,split,split
2026-06-09 14:00,0.9991,61692.01,61792.01,61764.14,55.52,27.87,61699.99,61699.99,yes,True,split,split
2026-06-09 15:00,0.99925,61792.0,62098.09,62036.06,46.34,62.03,61799.99,61799.99,yes,True,split,split
2026-06-09 16:00,0.99924,62098.09,62160.0,62100.09,47.19,59.91,61999.99,62249.99,no,True,split,both_win
2026-06-09 17:00,0.99924,62159.99,61761.2,61694.59,47.24,66.61,62199.99,62199.99,no,False,split,split
2026-06-09 18:00,0.99926,61761.21,61717.5,61666.23,45.7,51.27,61799.99,61799.99,no,False,split,split
2026-06-09 19:00,0.99944,61717.5,61730.0,61670.01,34.56,59.99,61699.99,61799.99,no,True,both_lose,both_win
2026-06-09 20:00,0.99948,61730.0,61923.16,61856.0,32.1,67.16,61699.99,61799.99,yes,True,split,split
2026-06-09 21:00,0.99933,61923.16,61714.0,61670.05,41.49,43.95,61899.99,61999.99,no,False,split,split
2026-06-09 22:00,0.99944,61714.0,61302.36,61290.47,34.56,11.89,61699.99,61799.99,no,False,split,split
2026-06-09 23:00,0.99934,61302.37,61549.64,61504.88,40.46,44.76,61299.99,61399.99,yes,True,split,split
2026-06-10 00:00,0.99936,61549.64,61295.99,61241.16,39.39,54.83,61499.99,61599.99,no,False,split,split
2026-06-10 01:00,0.99935,61296.0,61361.17,61304.61,39.84,56.56,61299.99,61299.99,yes,True,split,split
2026-06-10 02:00,0.99937,61361.17,61472.89,61429.27,38.66,43.62,61399.99,61399.99,yes,True,split,split
2026-06-10 03:00,0.99927,61472.89,61687.56,61640.51,44.88,47.05,61499.99,61499.99,yes,True,split,split
2026-06-10 04:00,0.99924,61687.56,61261.55,61217.25,46.88,44.3,61699.99,61699.99,no,False,split,split
2026-06-10 05:00,0.99915,61261.56,61334.94,61286.62,52.07,48.32,61299.99,61299.99,no,True,both_win,both_win
2026-06-10 06:00,0.99913,61334.95,61386.09,61340.21,53.36,45.88,61299.99,61399.99,no,True,split,both_win
2026-06-10 07:00,0.99914,61386.09,61034.04,60985.37,52.79,48.67,61399.99,61399.99,no,False,split,split
2026-06-10 08:00,0.99901,61034.04,61564.01,61555.47,60.42,8.54,60999.99,61099.99,yes,True,split,split
2026-06-10 09:00,0.99904,61564.0,62146.42,62069.72,59.1,76.7,61599.99,61599.99,yes,True,split,split
2026-06-10 10:00,0.9991,62146.43,62195.99,62080.25,55.93,115.74,62099.99,62199.99,no,True,both_lose,both_win
2026-06-10 11:00,0.99906,62195.99,62639.23,62587.28,58.46,51.95,62199.99,62199.99,yes,True,split,split
2026-06-10 12:00,0.99907,62639.23,62219.33,62163.36,58.25,55.97,62599.99,62699.99,no,False,split,split
2026-06-10 13:00,0.99903,62219.33,61969.99,61929.58,60.35,40.41,62199.99,62299.99,no,False,split,split
2026-06-10 14:00,0.99872,61969.99,61882.0,61813.83,79.32,68.17,61999.99,61999.99,no,False,split,split
2026-06-10 15:00,0.99895,61881.99,61942.44,61921.44,64.98,21.0,61899.99,61899.99,yes,True,split,split
2026-06-10 16:00,0.99896,61942.45,61805.51,61745.58,64.42,59.93,61999.99,61999.99,no,False,split,split
2026-06-10 17:00,0.99886,61805.5,61356.18,61263.78,70.46,92.4,61799.99,61899.99,no,False,split,split
2026-06-10 18:00,0.99905,61356.18,61381.46,61335.84,58.29,45.62,61399.99,61399.99,no,True,both_win,both_win
2026-06-10 19:00,0.99906,61381.46,61510.99,61466.82,57.7,44.17,61399.99,61399.99,yes,True,split,split
2026-06-10 20:00,0.99903,61510.99,61812.0,61809.49,59.67,2.51,61499.99,61599.99,yes,True,split,split
2026-06-10 21:00,0.99892,61812.0,62206.01,62180.02,66.76,25.99,61799.99,61899.99,yes,True,split,split
2026-06-10 22:00,0.99885,62206.01,62148.0,62090.6,71.54,57.4,62199.99,62299.99,no,False,split,split
2026-06-10 23:00,0.99877,62148.01,62689.48,62642.84,76.44,46.64,62099.99,62199.99,yes,True,split,split
2026-06-11 00:00,0.99886,62689.47,62726.86,62644.53,71.47,82.33,62699.99,62699.99,no,True,both_win,both_win
2026-06-11 05:00,0.99892,62958.0,62927.49,62862.44,67.99,65.05,62999.99,62999.99,no,False,split,split
2026-06-11 06:00,0.99888,62927.49,63148.0,63100.38,70.48,47.62,62899.99,62999.99,yes,True,split,split
2026-06-11 07:00,0.99896,63148.0,63108.0,63058.2,65.67,49.8,63099.99,63199.99,no,False,split,split
2026-06-11 08:00,0.99899,63108.01,63010.01,62963.03,63.74,46.98,63099.99,63199.99,no,False,split,split
2026-06-11 09:00,0.99893,63010.0,63077.57,63014.71,67.42,62.86,62999.99,63099.99,no,True,split,both_win
2026-06-11 10:00,0.99876,63077.71,62734.02,62687.68,78.22,46.34,63099.99,63099.99,no,False,split,split
2026-06-11 11:00,0.99888,62734.02,62749.44,62668.2,70.26,81.24,62699.99,62799.99,no,True,both_lose,both_win
2026-06-11 12:00,0.9988,62749.44,62582.45,62523.65,75.3,58.8,62699.99,62799.99,no,False,split,split
2026-06-11 13:00,0.99896,62582.45,63644.19,63487.81,65.09,156.38,62599.99,62599.99,yes,True,split,split
2026-06-11 14:00,0.99898,63644.18,63461.12,63403.91,64.92,57.21,63599.99,63699.99,no,False,split,split
2026-06-11 15:00,0.99895,63461.12,63605.68,63572.48,66.63,33.2,63499.99,63499.99,yes,True,split,split
2026-06-11 16:00,0.99903,63605.69,63393.67,63343.66,61.7,50.01,63499.99,63749.99,no,False,split,split
2026-06-11 17:00,0.99891,63393.67,63519.99,63439.34,69.1,80.65,63399.99,63399.99,yes,True,split,split
2026-06-11 18:00,0.99895,63519.99,63500.01,63458.6,66.7,41.41,63499.99,63599.99,no,False,split,split
2026-06-11 19:00,0.99892,63500.0,63625.99,63550.48,68.58,75.51,63499.99,63599.99,no,True,split,both_win
2026-06-11 20:00,0.99889,63626.0,63648.8,63579.92,70.62,68.88,63599.99,63699.99,no,True,both_lose,both_win
2026-06-11 21:00,0.99883,63648.8,63426.2,63351.2,74.47,75.0,63599.99,63699.99,no,False,split,split
2026-06-11 22:00,0.99875,63426.21,63624.07,63533.86,79.28,90.21,63399.99,63499.99,yes,True,split,split
2026-06-11 23:00,0.99857,63624.07,63524.82,63435.99,90.98,88.83,63599.99,63699.99,no,False,split,split
2026-06-12 00:00,0.9985,63524.81,63700.0,63617.67,95.29,82.33,63499.99,63599.99,yes,True,split,split
2026-06-12 01:00,0.99868,63700.0,63358.2,63279.33,84.08,78.87,63699.99,63799.99,no,False,split,split
2026-06-12 02:00,0.99853,63358.2,62980.45,62908.13,93.14,72.32,63399.99,63399.99,no,False,split,split
2026-06-12 03:00,0.99878,62980.46,63100.8,63028.52,76.84,72.28,62999.99,62999.99,yes,True,split,split
2026-06-12 04:00,0.99871,63100.8,63470.81,63399.48,81.4,71.33,63099.99,63199.99,yes,True,split,split
2026-06-12 05:00,0.99881,63470.81,63752.93,63705.83,75.53,47.1,63499.99,63499.99,yes,True,split,split
2026-06-12 06:00,0.99869,63752.93,63702.01,63641.45,83.52,60.56,63799.99,63799.99,no,False,split,split
2026-06-12 07:00,0.99878,63702.01,63766.01,63707.91,77.72,58.1,63699.99,63799.99,no,True,split,both_win
2026-06-12 08:00,0.99889,63766.01,63465.51,63409.07,70.78,56.44,63799.99,63799.99,no,False,split,split
2026-06-12 09:00,0.99884,63465.52,63229.1,63141.78,73.62,87.32,63499.99,63499.99,no,False,split,split
2026-06-12 10:00,0.99923,63229.1,63999.99,63930.56,48.69,69.43,63199.99,63299.99,yes,True,split,split
2026-06-12 11:00,0.99933,63999.99,63593.02,63560.16,42.88,32.86,63999.99,64099.99,no,False,split,split
2026-06-12 12:00,0.9993,63593.02,63982.48,63937.46,44.52,45.02,63599.99,63599.99,yes,True,split,split
2026-06-12 13:00,0.99935,63982.48,63865.44,63826.39,41.59,39.05,63999.99,63999.99,no,False,split,split
2026-06-12 14:00,0.99937,63865.45,63694.0,63663.59,40.24,30.41,63899.99,63899.99,no,False,split,split
2026-06-12 15:00,0.99942,63694.01,63589.27,63580.22,36.94,9.05,63699.99,63699.99,no,False,split,split
2026-06-12 16:00,0.99958,63589.28,63449.0,63424.89,26.71,24.11,63499.99,63999.99,no,False,split,split
2026-06-12 17:00,0.99959,63449.01,63472.0,63472.59,26.01,-0.59,63399.99,63499.99,no,True,split,both_win
2026-06-12 18:00,0.99941,63471.99,63502.0,63483.04,37.45,18.96,63499.99,63499.99,no,True,both_win,both_win
2026-06-12 19:00,0.99952,63502.0,63580.01,63532.24,30.48,47.77,63499.99,63599.99,no,True,split,both_win
2026-06-12 20:00,0.99951,63580.0,63600.01,63592.25,31.15,7.76,63599.99,63599.99,no,True,both_win,both_win
2026-06-12 21:00,0.99941,63600.01,63837.89,63778.18,37.52,59.71,63599.99,63699.99,yes,True,split,split
2026-06-12 22:00,0.99933,63837.88,63646.01,63622.5,42.77,23.51,63799.99,63899.99,no,False,split,split
2026-06-12 23:00,0.99952,63646.01,63532.0,63501.32,30.55,30.68,63599.99,63699.99,no,False,split,split
2026-06-13 00:00,0.99951,63532.0,63512.01,63488.13,31.13,23.88,63499.99,63599.99,no,False,split,split
2026-06-13 01:00,0.99956,63512.01,63584.03,63531.99,27.95,52.04,63499.99,63599.99,no,True,split,both_win
2026-06-13 02:00,0.99931,63584.03,63735.74,63704.38,43.87,31.36,63599.99,63599.99,yes,True,split,split
2026-06-13 03:00,0.99946,63736.0,63846.0,63794.9,34.42,51.1,63699.99,63799.99,no,True,split,both_win
2026-06-13 04:00,0.99944,63845.99,63806.0,63778.94,35.75,27.06,63799.99,63899.99,no,False,split,split
2026-06-13 05:00,0.9994,63806.0,63743.12,63712.97,38.28,30.15,63799.99,63899.99,no,False,split,split
2026-06-13 06:00,0.9994,63743.13,63843.01,63807.14,38.25,35.87,63699.99,63799.99,yes,True,split,split
2026-06-13 07:00,0.99932,63843.01,63971.28,63933.74,43.41,37.54,63799.99,63899.99,yes,True,split,split
2026-06-13 08:00,0.99946,63971.28,64133.12,64109.64,34.54,23.48,63999.99,63999.99,yes,True,split,split
2026-06-13 09:00,0.99952,64133.12,64102.69,64074.15,30.78,28.54,64099.99,64199.99,no,False,split,split
2026-06-13 10:00,0.99941,64102.61,64220.97,64190.42,37.82,30.55,64099.99,64199.99,no,True,split,both_win
2026-06-13 11:00,0.99938,64220.96,64296.15,64276.27,39.82,19.88,64199.99,64299.99,no,True,split,both_win
2026-06-13 12:00,0.99937,64296.15,64029.17,63986.97,40.51,42.2,64299.99,64299.99,no,False,split,split
2026-06-13 13:00,0.99942,64029.17,63971.19,63959.11,37.14,12.08,63999.99,64099.99,no,False,split,split
2026-06-13 14:00,0.9995,63971.2,64161.46,64135.03,31.99,26.43,63999.99,63999.99,yes,True,split,split
2026-06-13 15:00,0.9995,64161.46,64296.59,64282.27,32.08,14.32,64199.99,64199.99,yes,True,split,split
2026-06-13 16:00,0.99953,64296.59,64278.31,64255.82,30.22,22.49,64249.99,64499.99,no,False,both_win,split
2026-06-13 17:00,0.99952,64278.31,64471.04,64440.09,30.85,30.95,64299.99,64299.99,yes,True,split,split
2026-06-13 18:00,0.99963,64471.04,64456.47,64442.33,23.85,14.14,64499.99,64499.99,no,False,split,split
2026-06-13 19:00,0.99966,64456.46,64458.01,64418.49,21.92,39.52,64499.99,64499.99,no,True,both_win,both_win
2026-06-13 20:00,0.99961,64458.01,64565.0,64531.95,25.14,33.05,64499.99,64499.99,yes,True,split,split
2026-06-13 21:00,0.99961,64565.01,64563.0,64573.72,25.18,-10.72,64599.99,64599.99,no,False,split,split
2026-06-13 22:00,0.99968,64563.0,64490.01,64474.23,20.66,15.78,64599.99,64599.99,no,False,split,split
2026-06-13 23:00,0.99956,64490.01,64545.3,64520.85,28.38,24.45,64499.99,64499.99,yes,True,split,split
2026-06-14 00:00,0.99963,64545.3,64339.07,64353.57,23.88,-14.5,64499.99,64599.99,no,False,split,split
2026-06-14 01:00,0.99958,64339.07,64338.0,64342.63,27.02,-4.63,64299.99,64399.99,no,False,both_win,split
2026-06-14 02:00,0.99951,64338.0,64286.1,64264.32,31.53,21.78,64299.99,64399.99,no,False,split,split
2026-06-14 03:00,0.99948,64286.1,64429.39,64397.4,33.43,31.99,64299.99,64299.99,yes,True,split,split
2026-06-14 04:00,0.99949,64429.39,64456.33,64427.91,32.86,28.42,64399.99,64499.99,no,True,split,both_win
2026-06-14 05:00,0.99948,64456.33,64616.0,64581.02,33.52,34.98,64499.99,64499.99,yes,True,split,split
2026-06-14 06:00,0.99938,64616.0,64521.13,64498.04,40.06,23.09,64599.99,64699.99,no,False,split,split
2026-06-14 07:00,0.99944,64521.13,64546.0,64528.2,36.13,17.8,64499.99,64599.99,no,True,split,both_win
2026-06-14 08:00,0.99949,64546.01,64327.53,64302.94,32.92,24.59,64499.99,64599.99,no,False,split,split
2026-06-14 09:00,0.99948,64327.54,64317.99,64283.54,33.45,34.45,64299.99,64399.99,no,False,split,split
2026-06-14 10:00,0.99948,64318.0,63983.55,63938.98,33.45,44.57,64299.99,64399.99,no,False,split,split
2026-06-14 11:00,0.9995,63983.56,64025.07,64000.5,31.99,24.57,63999.99,63999.99,yes,True,split,split
2026-06-14 12:00,0.99941,64025.06,63942.63,63925.8,37.77,16.83,63999.99,64099.99,no,False,split,split
2026-06-14 13:00,0.99922,63942.63,63732.64,63703.91,49.88,28.73,63899.99,63999.99,no,False,split,split
2026-06-14 14:00,0.99941,63732.65,63813.3,63781.55,37.6,31.75,63699.99,63799.99,no,True,split,both_win
2026-06-14 15:00,0.99945,63813.3,63802.0,63765.55,35.1,36.45,63799.99,63899.99,no,False,split,split
2026-06-14 16:00,0.99945,63801.99,64008.64,63980.12,35.09,28.52,63749.99,63999.99,no,True,split,both_win
2026-06-14 17:00,0.99959,64008.64,65311.59,65299.94,26.24,11.65,63999.99,64099.99,yes,True,split,split
2026-06-14 18:00,0.99948,65311.59,65426.78,65354.06,33.96,72.72,65299.99,65399.99,no,True,split,both_win
2026-06-14 19:00,0.99937,65426.78,65746.45,65723.76,41.22,22.69,65399.99,65499.99,yes,True,split,split
2026-06-14 20:00,0.99942,65746.45,65625.99,65595.82,38.13,30.17,65699.99,65799.99,no,False,split,split
2026-06-14 21:00,0.99942,65626.0,65525.0,65467.2,38.06,57.8,65599.99,65699.99,no,False,split,split
2026-06-14 22:00,0.99951,65525.01,65472.01,65421.01,32.11,51.0,65499.99,65599.99,no,False,split,split
2026-06-14 23:00,0.99949,65472.01,65927.1,65874.42,33.39,52.68,65499.99,65499.99,yes,True,split,split
2026-06-15 00:00,0.99945,65927.11,65644.01,65625.91,36.26,18.1,65899.99,65999.99,no,False,split,split
2026-06-15 01:00,0.99937,65644.0,65858.01,65827.38,41.36,30.63,65599.99,65699.99,yes,True,split,split
2026-06-15 02:00,0.99942,65858.0,65812.01,65786.21,38.2,25.8,65899.99,65899.99,no,False,split,split
2026-06-15 03:00,0.99921,65812.01,65674.76,65620.72,51.99,54.04,65799.99,65899.99,no,False,split,split
2026-06-15 04:00,0.99933,65674.76,65662.01,65648.45,44.0,13.56,65699.99,65699.99,no,False,split,split
2026-06-15 05:00,0.9993,65662.0,65596.86,65560.57,45.96,36.29,65699.99,65699.99,no,False,split,split
2026-06-15 06:00,0.99934,65596.86,65917.37,65868.0,43.29,49.37,65599.99,65599.99,yes,True,split,split
2026-06-15 07:00,0.99941,65917.37,66233.9,66198.74,38.89,35.16,65899.99,65999.99,yes,True,split,split
2026-06-15 08:00,0.99933,66233.89,66563.49,66537.29,44.38,26.2,66199.99,66299.99,yes,True,split,split
2026-06-15 09:00,0.99921,66563.48,66447.05,66402.5,52.59,44.55,66599.99,66599.99,no,False,split,split
2026-06-15 10:00,0.99918,66447.06,66591.55,66567.56,54.49,23.99,66399.99,66499.99,yes,True,split,split
2026-06-15 11:00,0.99925,66591.54,67292.14,67218.2,49.94,73.94,66599.99,66599.99,yes,True,split,split
2026-06-15 12:00,0.9994,67292.15,67157.99,67147.25,40.38,10.74,67299.99,67299.99,no,False,split,split
2026-06-15 13:00,0.99952,67158.0,66851.79,66829.85,32.24,21.94,67199.99,67199.99,no,False,split,split
2026-06-15 14:00,0.9995,66851.8,66766.12,66749.33,33.43,16.79,66899.99,66899.99,no,False,split,split
2026-06-15 15:00,0.99958,66766.13,66614.35,66520.2,28.04,94.15,66799.99,66799.99,no,False,split,split
2026-06-15 16:00,0.99951,66615.98,66519.98,66481.82,32.64,38.16,66499.99,66749.99,no,False,split,split
2026-06-15 17:00,0.99941,66519.99,66368.15,66343.02,39.25,25.13,66499.99,66599.99,no,False,split,split
2026-06-15 18:00,0.9994,66368.15,66206.34,66177.65,39.82,28.69,66399.99,66399.99,no,False,split,split
2026-06-15 19:00,0.99945,66206.34,66328.74,66292.94,36.41,35.8,66199.99,66299.99,no,True,split,both_win
2026-06-15 20:00,0.99939,66328.74,66250.0,66221.99,40.46,28.01,66299.99,66399.99,no,False,split,split
2026-06-15 21:00,0.99931,66250.0,66346.52,66313.09,45.71,33.43,66299.99,66299.99,yes,True,split,split
2026-06-15 22:00,0.99938,66346.51,65741.99,65686.1,41.13,55.89,66299.99,66399.99,no,False,split,split
2026-06-15 23:00,0.9994,65742.0,66165.21,66124.16,39.45,41.05,65699.99,65799.99,yes,True,split,split
2026-06-16 00:00,0.99931,66165.21,65840.09,65843.85,45.65,-3.76,66199.99,66199.99,no,False,split,split
2026-06-16 01:00,0.99942,65840.1,66045.0,66046.98,38.19,-1.98,65799.99,65899.99,yes,True,split,split
2026-06-16 02:00,0.99937,66044.99,66446.0,66413.27,41.61,32.73,65999.99,66099.99,yes,True,split,split
2026-06-16 03:00,0.99948,66446.01,66372.0,66334.2,34.55,37.8,66399.99,66499.99,no,False,split,split
2026-06-16 04:00,0.99938,66372.0,66899.61,66878.0,41.15,21.61,66399.99,66399.99,yes,True,split,split
2026-06-16 05:00,0.99921,66899.61,66510.0,66473.93,52.85,36.07,66899.99,66899.99,no,False,split,split
2026-06-16 06:00,0.99914,66510.01,66514.0,66469.19,57.2,44.81,66499.99,66599.99,no,True,both_lose,both_win
2026-06-16 07:00,0.99919,66514.01,66481.73,66427.62,53.88,54.11,66499.99,66599.99,no,False,split,split
2026-06-16 08:00,0.99919,66481.73,66429.83,66383.44,53.85,46.39,66499.99,66499.99,no,False,split,split
2026-06-16 09:00,0.99915,66429.84,66052.0,66024.52,56.47,27.48,66399.99,66499.99,no,False,split,split
2026-06-16 10:00,0.99933,66052.01,65654.9,65589.04,44.25,65.86,66099.99,66099.99,no,False,split,split
2026-06-16 11:00,0.99915,65654.9,65859.76,65840.17,55.81,19.59,65699.99,65699.99,yes,True,split,split
2026-06-16 12:00,0.99925,65859.76,65758.07,65713.89,49.39,44.18,65899.99,65899.99,no,False,split,split
2026-06-16 13:00,0.99923,65758.07,65978.79,65909.62,50.63,69.17,65799.99,65799.99,yes,True,split,split
2026-06-16 14:00,0.9993,65978.78,65847.99,65780.98,46.19,67.01,65999.99,65999.99,no,False,split,split
2026-06-16 15:00,0.99902,65848.0,65675.88,65597.76,64.53,78.12,65799.99,65899.99,no,False,split,split
2026-06-16 16:00,0.999,65675.89,65854.0,65793.03,65.68,60.97,65749.99,65749.99,yes,True,split,split
2026-06-16 17:00,0.9991,65854.0,65776.97,65714.94,59.27,62.03,65899.99,65899.99,no,False,split,split
2026-06-16 18:00,0.99904,65776.97,65780.0,65718.89,63.15,61.11,65799.99,65799.99,no,True,both_win,both_win
2026-06-16 19:00,0.99898,65780.01,65675.01,65614.95,67.1,60.06,65799.99,65799.99,no,False,split,split
2026-06-16 20:00,0.99905,65675.02,65700.0,65669.03,62.39,30.97,65699.99,65699.99,no,True,both_win,both_win
2026-06-16 21:00,0.99905,65700.0,65940.0,65882.93,62.42,57.07,65699.99,65799.99,yes,True,split,split
2026-06-16 22:00,0.99906,65940.0,65904.0,65849.2,61.98,54.8,65899.99,65999.99,no,False,split,split
2026-06-16 23:00,0.99908,65903.99,65851.99,65775.07,60.63,76.92,65899.99,65999.99,no,False,split,split
2026-06-17 00:00,0.999,65852.0,65892.0,65836.01,65.85,55.99,65899.99,65899.99,no,True,both_win,both_win
2026-06-17 01:00,0.99904,65892.01,65836.3,65783.52,63.26,52.78,65899.99,65899.99,no,False,split,split
2026-06-17 02:00,0.99909,65836.3,65624.0,65567.3,59.91,56.7,65799.99,65899.99,no,False,split,split
2026-06-17 03:00,0.99902,65624.01,65539.5,65473.88,64.31,65.62,65599.99,65699.99,no,False,split,split
2026-06-17 04:00,0.99896,65539.51,64926.02,64874.14,68.16,51.88,65499.99,65599.99,no,False,split,split
2026-06-17 05:00,0.99918,64926.02,64909.44,64848.6,53.24,60.84,64899.99,64999.99,no,False,split,split
2026-06-17 06:00,0.99911,64909.44,64798.0,64729.4,57.77,68.6,64899.99,64999.99,no,False,split,split
2026-06-17 07:00,0.99915,64798.0,64810.01,64767.63,55.08,42.38,64799.99,64799.99,no,True,both_win,both_win
2026-06-17 08:00,0.99907,64810.01,65040.88,64988.57,60.27,52.31,64799.99,64899.99,yes,True,split,split
2026-06-17 09:00,0.9991,65040.88,65278.0,65233.57,58.54,44.43,64999.99,65099.99,yes,True,split,split
2026-06-17 10:00,0.99912,65278.0,65101.45,65065.81,57.44,35.64,65299.99,65299.99,no,False,split,split
2026-06-17 11:00,0.99916,65101.45,65752.0,65698.25,54.69,53.75,65099.99,65199.99,yes,True,split,split
2026-06-17 12:00,0.99922,65751.99,65864.12,65814.81,51.29,49.31,65799.99,65799.99,yes,True,split,split
2026-06-17 13:00,0.99917,65864.13,66104.08,66015.87,54.67,88.21,65899.99,65899.99,yes,True,split,split
2026-06-17 14:00,0.9992,66107.99,65516.0,65462.21,52.89,53.79,66099.99,66199.99,no,False,split,split
2026-06-17 15:00,0.99935,65516.0,64301.85,64219.41,42.59,82.44,65499.99,65599.99,no,False,split,split
2026-06-17 16:00,0.99914,64301.85,64434.36,64376.65,55.3,57.71,64249.99,64499.99,no,True,split,both_win
2026-06-17 17:00,0.99921,64434.36,64257.77,64201.02,50.9,56.75,64399.99,64499.99,no,False,split,split
2026-06-17 18:00,0.99919,64257.77,64300.01,64260.14,52.05,39.87,64299.99,64299.99,no,True,both_win,both_win
2026-06-17 19:00,0.99913,64300.01,64509.4,64438.14,55.94,71.26,64299.99,64399.99,yes,True,split,split
2026-06-17 20:00,0.99924,64509.4,64468.01,64421.27,49.03,46.74,64499.99,64599.99,no,False,split,split
2026-06-17 21:00,0.99902,64468.01,64548.74,64499.92,63.18,48.82,64499.99,64499.99,no,True,both_win,both_win
2026-06-17 22:00,0.99895,64548.75,64689.5,64642.25,67.78,47.25,64499.99,64599.99,yes,True,split,split
2026-06-17 23:00,0.99876,64689.5,64282.82,64222.38,80.21,60.44,64699.99,64699.99,no,False,split,split
2026-06-18 00:00,0.99882,64282.82,63883.41,63876.25,75.85,7.16,64299.99,64299.99,no,False,split,split
2026-06-18 05:00,0.99898,64399.93,64199.53,64157.43,65.69,42.1,64399.99,64399.99,no,False,split,split
2026-06-18 06:00,0.99907,64199.53,64078.61,64049.7,59.71,28.91,64199.99,64199.99,no,False,split,split
2026-06-18 07:00,0.99896,64078.61,63974.4,63918.81,66.64,55.59,64099.99,64099.99,no,False,split,split
2026-06-18 08:00,0.99888,63974.4,64378.07,64317.07,71.65,61.0,63999.99,63999.99,yes,True,split,split
2026-06-18 09:00,0.99895,64378.06,63984.0,63859.22,67.6,124.78,64399.99,64399.99,no,False,split,split
2026-06-18 10:00,0.99863,63983.99,63816.61,63789.17,87.66,27.44,63999.99,63999.99,no,False,split,split
2026-06-18 11:00,0.99892,63816.61,62369.44,62301.49,68.92,67.95,63799.99,63899.99,no,False,split,split
2026-06-18 12:00,0.99866,62369.43,62688.0,62615.74,83.58,72.26,62399.99,62399.99,yes,True,split,split
2026-06-18 13:00,0.99867,62688.0,62606.0,62529.76,83.38,76.24,62699.99,62699.99,no,False,split,split
2026-06-18 14:00,0.99868,62606.0,62708.92,62633.52,82.64,75.4,62599.99,62699.99,no,True,split,both_win
2026-06-18 15:00,0.99881,62708.93,62950.79,62896.11,74.62,54.68,62699.99,62799.99,yes,True,split,split
2026-06-18 16:00,0.99896,62950.79,63086.0,63020.74,65.47,65.26,62999.99,62999.99,yes,True,split,split
2026-06-18 17:00,0.99899,63086.0,62971.32,62908.99,63.72,62.33,63099.99,63099.99,no,False,split,split
2026-06-18 18:00,0.99915,62971.32,62885.85,62822.51,53.53,63.34,62999.99,62999.99,no,False,split,split
2026-06-18 19:00,0.99906,62885.84,62958.01,62893.1,59.11,64.91,62899.99,62899.99,no,True,both_win,both_win
2026-06-18 20:00,0.99899,62958.01,63020.0,62933.85,63.59,86.15,62999.99,62999.99,no,True,both_win,both_win
2026-06-18 21:00,0.99899,63020.0,63021.86,62962.28,63.65,59.58,62999.99,63099.99,no,True,both_lose,both_win
2026-06-18 22:00,0.99889,63021.86,63006.0,62940.88,69.95,65.12,62999.99,63099.99,no,False,split,split
2026-06-18 23:00,0.99886,63006.01,62773.51,62707.39,71.83,66.12,62999.99,63099.99,no,False,split,split
2026-06-19 00:00,0.99892,62773.52,62452.01,62397.67,67.8,54.34,62799.99,62799.99,no,False,split,split
2026-06-19 01:00,0.99883,62452.01,62739.2,62674.47,73.07,64.73,62499.99,62499.99,yes,True,split,split
2026-06-19 02:00,0.99885,62739.2,62894.08,62849.42,72.15,44.66,62699.99,62799.99,yes,True,split,split
2026-06-19 03:00,0.99882,62894.09,62629.99,62556.88,74.22,73.11,62899.99,62899.99,no,False,split,split
2026-06-19 04:00,0.99877,62630.0,62603.99,62523.84,77.03,80.15,62599.99,62699.99,no,False,split,split
2026-06-19 05:00,0.99877,62604.0,62390.0,62342.89,77.0,47.11,62599.99,62699.99,no,False,split,split
2026-06-19 06:00,0.99877,62390.01,62533.25,62476.78,76.74,56.47,62399.99,62399.99,yes,True,split,split
2026-06-19 07:00,0.99881,62533.24,62626.0,62575.97,74.41,50.03,62499.99,62599.99,no,True,split,both_win
2026-06-19 08:00,0.99885,62626.0,62830.01,62755.35,72.02,74.66,62599.99,62699.99,yes,True,split,split
2026-06-19 09:00,0.99881,62830.01,63210.0,63169.5,74.77,40.5,62799.99,62899.99,yes,True,split,split
2026-06-19 10:00,0.99886,63210.0,63203.53,63157.3,72.06,46.23,63199.99,63299.99,no,False,split,split
2026-06-19 11:00,0.99896,63203.54,63214.01,63156.7,65.73,57.31,63199.99,63299.99,no,True,both_lose,both_win
2026-06-19 12:00,0.99899,63214.01,62971.99,62926.18,63.85,45.81,63199.99,63299.99,no,False,split,split
2026-06-19 13:00,0.99902,62972.0,63198.01,63156.78,61.71,41.23,62999.99,62999.99,yes,True,split,split
2026-06-19 14:00,0.99912,63198.0,63110.01,63059.74,55.61,50.27,63199.99,63199.99,no,False,split,split
2026-06-19 15:00,0.999,63110.01,63021.6,62967.69,63.11,53.91,63099.99,63199.99,no,False,split,split
2026-06-19 16:00,0.99902,63021.6,63250.01,63204.17,61.76,45.84,62999.99,63499.99,no,True,split,both_win
2026-06-19 17:00,0.99889,63250.01,63075.98,63022.43,70.21,53.55,63299.99,63299.99,no,False,split,split
2026-06-19 18:00,0.99903,63075.99,63315.28,63260.77,61.18,54.51,63099.99,63099.99,yes,True,split,split
2026-06-19 19:00,0.99909,63315.29,63543.91,63495.2,57.62,48.71,63299.99,63399.99,yes,True,split,split
2026-06-19 20:00,0.99904,63543.9,63530.01,63493.18,61.0,36.83,63499.99,63599.99,no,False,split,split
2026-06-19 21:00,0.99907,63530.01,63586.28,63514.83,59.08,71.45,63499.99,63599.99,no,True,split,both_win
2026-06-19 22:00,0.99902,63586.27,63340.57,63297.34,62.31,43.23,63599.99,63599.99,no,False,split,split
2026-06-19 23:00,0.9991,63340.58,63476.79,63408.44,57.01,68.35,63299.99,63399.99,yes,True,split,split
2026-06-20 00:00,0.99901,63476.79,63583.53,63514.93,62.84,68.6,63499.99,63499.99,yes,True,split,split
2026-06-20 01:00,0.99904,63583.53,63678.07,63619.32,61.04,58.75,63599.99,63599.99,yes,True,split,split
2026-06-20 02:00,0.99907,63678.07,63744.61,63685.36,59.22,59.25,63699.99,63699.99,no,True,both_win,both_win
2026-06-20 03:00,0.99902,63744.61,63655.21,63600.4,62.47,54.81,63699.99,63799.99,no,False,split,split
2026-06-20 04:00,0.99906,63655.21,63417.97,63361.51,59.84,56.46,63699.99,63699.99,no,False,split,split
2026-06-20 05:00,0.99889,63417.98,63741.16,63690.51,70.39,50.65,63399.99,63499.99,yes,True,split,split
2026-06-20 06:00,0.99895,63741.16,63674.7,63615.42,66.93,59.28,63699.99,63799.99,no,False,split,split
2026-06-20 07:00,0.99902,63674.71,63688.0,63629.37,62.4,58.63,63699.99,63699.99,no,True,both_win,both_win
2026-06-20 08:00,0.999,63688.0,63655.09,63595.79,63.69,59.3,63699.99,63699.99,no,False,split,split
2026-06-20 09:00,0.99906,63655.1,63397.78,63368.83,59.84,28.95,63699.99,63699.99,no,False,split,split
2026-06-20 10:00,0.99913,63397.77,63949.9,63885.61,55.16,64.29,63399.99,63399.99,yes,True,split,split
2026-06-20 11:00,0.99897,63949.9,64160.04,64068.42,65.87,91.62,63899.99,63999.99,yes,True,split,split
2026-06-20 12:00,0.999,64160.04,64034.31,63946.27,64.16,88.04,64199.99,64199.99,no,False,split,split
2026-06-20 13:00,0.9989,64034.31,63834.7,63783.37,70.44,51.33,63999.99,64099.99,no,False,split,split
2026-06-20 14:00,0.99887,63834.7,63805.89,63731.16,72.13,74.73,63799.99,63899.99,no,False,split,split
2026-06-20 15:00,0.99891,63805.9,63936.0,63867.73,69.55,68.27,63799.99,63899.99,no,True,split,both_win
2026-06-20 16:00,0.99877,63935.99,63925.99,63847.99,78.64,78.0,63999.99,63999.99,no,False,split,split
2026-06-20 17:00,0.9988,63926.0,64012.4,63943.96,76.71,68.44,63899.99,63999.99,no,True,split,both_win
2026-06-20 18:00,0.99885,64012.39,64272.01,64226.07,73.61,45.94,63999.99,64099.99,yes,True,split,split
2026-06-20 19:00,0.99889,64272.0,64298.01,64249.55,71.34,48.46,64299.99,64299.99,no,True,both_win,both_win
2026-06-20 20:00,0.99887,64298.01,64294.0,64220.94,72.66,73.06,64299.99,64299.99,no,False,split,split
2026-06-20 21:00,0.99873,64294.0,64248.0,64189.5,81.65,58.5,64299.99,64299.99,no,False,split,split
2026-06-20 22:00,0.99888,64248.0,64241.25,64180.14,71.96,61.11,64199.99,64299.99,no,False,split,split
2026-06-20 23:00,0.99886,64241.26,64426.0,64357.64,73.24,68.36,64199.99,64299.99,yes,True,split,split
2026-06-21 00:00,0.99888,64426.0,64276.12,64209.52,72.16,66.6,64399.99,64499.99,no,False,split,split
2026-06-21 01:00,0.99873,64276.12,64256.55,64181.75,81.63,74.8,64299.99,64299.99,no,False,split,split
2026-06-21 02:00,0.99877,64256.56,64303.46,64216.89,79.04,86.57,64299.99,64299.99,no,True,both_win,both_win
2026-06-21 03:00,0.99872,64303.47,64191.07,64125.01,82.31,66.06,64299.99,64399.99,no,False,split,split
2026-06-21 04:00,0.9987,64191.06,64014.0,63929.72,83.45,84.28,64199.99,64199.99,no,False,split,split
2026-06-21 05:00,0.99876,64014.0,64209.16,64130.93,79.38,78.23,63999.99,64099.99,yes,True,split,split
2026-06-21 06:00,0.99881,64209.16,64365.99,64281.08,76.41,84.91,64199.99,64299.99,no,True,split,both_win
2026-06-21 07:00,0.99878,64366.0,64176.0,64080.4,78.53,95.6,64399.99,64399.99,no,False,split,split
2026-06-21 08:00,0.99891,64176.0,64200.0,64120.85,69.95,79.15,64199.99,64199.99,no,True,both_win,both_win
2026-06-21 09:00,0.99875,64200.0,64146.0,64061.82,80.25,84.18,64199.99,64299.99,no,False,split,split
2026-06-21 10:00,0.99882,64146.0,64145.97,64056.43,75.69,89.54,64099.99,64199.99,no,False,split,split
2026-06-21 11:00,0.99895,64145.97,64224.0,64160.99,67.35,63.01,64099.99,64199.99,no,True,split,both_win
2026-06-21 12:00,0.99896,64224.0,64145.31,64067.39,66.79,77.92,64199.99,64299.99,no,False,split,split
2026-06-21 13:00,0.99878,64145.32,64151.46,64090.22,78.26,61.24,64099.99,64199.99,no,True,both_lose,both_win
2026-06-21 14:00,0.99879,64151.47,64213.81,64103.06,77.62,110.75,64199.99,64199.99,no,True,both_win,both_win
2026-06-21 15:00,0.99887,64213.82,64207.12,64140.72,72.56,66.4,64199.99,64299.99,no,False,split,split
2026-06-21 16:00,0.99886,64207.13,63848.0,63761.31,73.2,86.69,64249.99,64249.99,no,False,split,split
2026-06-21 17:00,0.99885,63848.0,63808.01,63739.44,73.43,68.57,63799.99,63899.99,no,False,split,split
2026-06-21 18:00,0.99875,63808.0,63801.59,63731.34,79.76,70.25,63799.99,63899.99,no,False,split,split
2026-06-21 19:00,0.99893,63801.6,63311.99,63243.75,68.27,68.24,63799.99,63899.99,no,False,split,split
2026-06-21 20:00,0.99901,63312.0,63896.01,63813.92,62.68,82.09,63299.99,63399.99,yes,True,split,split
2026-06-21 21:00,0.99887,63896.0,64606.0,64518.64,72.2,87.36,63899.99,63899.99,yes,True,split,split
2026-06-21 22:00,0.9988,64606.0,64257.99,64197.63,77.53,60.36,64599.99,64699.99,no,False,split,split
2026-06-21 23:00,0.99868,64258.0,63974.01,63904.26,84.82,69.75,64299.99,64299.99,no,False,split,split
2026-06-22 00:00,0.99868,63974.01,64100.02,64027.47,84.45,72.55,63999.99,63999.99,yes,True,split,split
2026-06-22 01:00,0.99878,64100.01,64247.74,64163.31,78.2,84.43,64099.99,64199.99,no,True,split,both_win
2026-06-22 02:00,0.99871,64247.74,63989.95,63953.98,82.88,35.97,64199.99,64299.99,no,False,split,split
2026-06-22 03:00,0.9989,63989.96,64211.19,64140.06,70.39,71.13,63999.99,63999.99,yes,True,split,split
2026-06-22 04:00,0.99877,64211.2,64165.99,64092.22,78.98,73.77,64199.99,64299.99,no,False,split,split
2026-06-22 05:00,0.99883,64166.0,64145.39,64069.39,75.07,76.0,64199.99,64199.99,no,False,split,split
2026-06-22 06:00,0.99889,64145.4,64139.21,64073.27,71.2,65.94,64099.99,64199.99,no,False,split,split
2026-06-22 07:00,0.99884,64139.21,64657.22,64596.85,74.4,60.37,64099.99,64199.99,yes,True,split,split
2026-06-22 08:00,0.99886,64657.22,65149.57,65099.34,73.71,50.23,64699.99,64699.99,yes,True,split,split
2026-06-22 09:00,0.9989,65149.58,65578.0,65493.93,71.66,84.07,65099.99,65199.99,yes,True,split,split
2026-06-22 10:00,0.99884,65577.99,64980.39,64903.59,76.07,76.8,65599.99,65599.99,no,False,split,split
2026-06-22 11:00,0.99885,64980.39,64836.95,64755.67,74.73,81.28,64999.99,64999.99,no,False,split,split
2026-06-22 12:00,0.99856,64836.95,64719.77,64673.17,93.37,46.6,64799.99,64899.99,no,False,split,split
2026-06-22 13:00,0.99872,64719.77,64602.0,64546.3,82.84,55.7,64699.99,64799.99,no,False,split,split
2026-06-22 14:00,0.9989,64602.0,64334.01,64292.71,71.06,41.3,64599.99,64699.99,no,False,split,split
2026-06-22 15:00,0.99865,64334.01,64472.0,64417.2,86.85,54.8,64299.99,64399.99,yes,True,split,split
2026-06-22 16:00,0.99881,64472.51,64433.8,64369.77,76.72,64.03,64499.99,64499.99,no,False,split,split
2026-06-22 17:00,0.99878,64433.8,64320.57,64239.04,78.61,81.53,64399.99,64499.99,no,False,split,split
2026-06-22 18:00,0.99858,64320.57,63971.12,63902.91,91.34,68.21,64299.99,64399.99,no,False,split,split
2026-06-22 19:00,0.9988,63971.13,64020.01,63958.65,76.77,61.36,63999.99,63999.99,no,True,both_win,both_win
2026-06-22 20:00,0.99865,64020.01,64154.99,64065.94,86.43,89.05,63999.99,64099.99,no,True,split,both_win
2026-06-22 21:00,0.99872,64154.99,64156.0,64093.65,82.12,62.35,64199.99,64199.99,no,True,both_win,both_win
2026-06-22 22:00,0.99883,64156.0,64204.01,64138.15,75.06,65.86,64199.99,64199.99,no,True,both_win,both_win
2026-06-22 23:00,0.99861,64204.01,64065.35,63992.57,89.24,72.78,64199.99,64299.99,no,False,split,split
2026-06-23 00:00,0.99877,64065.34,63623.02,63598.03,78.8,24.99,64099.99,64099.99,no,False,split,split
2026-06-23 01:00,0.99886,63623.03,63400.0,63314.06,72.53,85.94,63599.99,63699.99,no,False,split,split
2026-06-23 02:00,0.99888,63400.0,62936.01,62872.41,71.01,63.6,63399.99,63499.99,no,False,split,split
2026-06-23 03:00,0.99881,62936.01,62886.03,62822.99,74.89,63.04,62899.99,62999.99,no,False,split,split
2026-06-23 05:00,0.99884,62386.0,62386.0,62307.79,72.37,78.21,62399.99,62399.99,no,True,both_win,both_win
2026-06-23 06:00,0.99871,62386.0,62328.01,62263.86,80.48,64.15,62399.99,62399.99,no,False,split,split
2026-06-23 07:00,0.99874,62328.01,62507.06,62445.05,78.53,62.01,62299.99,62399.99,yes,True,split,split
2026-06-23 08:00,0.99901,62507.05,62256.6,62199.26,61.88,57.34,62499.99,62599.99,no,False,split,split
2026-06-23 09:00,0.99863,62256.61,62475.99,62386.89,85.29,89.1,62299.99,62299.99,yes,True,split,split
2026-06-23 10:00,0.99879,62476.0,62493.63,62450.64,75.6,42.99,62499.99,62499.99,no,True,both_win,both_win
2026-06-23 11:00,0.9986,62493.63,62487.79,62388.06,87.49,99.73,62499.99,62499.99,no,False,split,split
2026-06-23 12:00,0.99855,62487.79,62558.0,62500.13,90.61,57.87,62499.99,62499.99,yes,True,split,split
2026-06-23 13:00,0.99868,62558.0,62358.02,62295.77,82.58,62.25,62599.99,62599.99,no,False,split,split
2026-06-23 14:00,0.99878,62358.03,62241.99,62162.07,76.08,79.92,62399.99,62399.99,no,False,split,split
2026-06-23 15:00,0.99873,62242.0,62388.49,62330.49,79.05,58.0,62199.99,62299.99,yes,True,split,split
2026-06-23 16:00,0.99888,62388.49,62470.7,62382.15,69.88,88.55,62499.99,62499.99,no,True,both_win,both_win
2026-06-23 17:00,0.99876,62470.7,62599.77,62529.98,77.46,69.79,62499.99,62499.99,yes,True,split,split
2026-06-23 18:00,0.99884,62599.77,62590.0,62515.27,72.62,74.73,62599.99,62599.99,no,False,split,split
2026-06-23 19:00,0.99877,62590.0,62734.57,62659.3,76.99,75.27,62599.99,62599.99,yes,True,split,split
2026-06-23 20:00,0.99878,62734.57,63014.0,62924.51,76.54,89.49,62699.99,62799.99,yes,True,split,split
2026-06-23 21:00,0.9988,63014.0,62932.19,62865.8,75.62,66.39,62999.99,63099.99,no,False,split,split
2026-06-23 22:00,0.99868,62932.19,62630.0,62565.01,83.07,64.99,62899.99,62999.99,no,False,split,split
2026-06-23 23:00,0.99868,62630.01,62729.78,62672.71,82.67,57.07,62599.99,62699.99,no,True,split,both_win
2026-06-24 00:00,0.99874,62729.78,62744.42,62698.49,79.04,45.93,62699.99,62799.99,no,True,both_lose,both_win
2026-06-24 01:00,0.99847,62744.41,62890.0,62812.56,96.0,77.44,62699.99,62799.99,yes,True,split,split
2026-06-24 02:00,0.99861,62889.99,62780.0,62699.3,87.42,80.7,62899.99,62899.99,no,False,split,split
2026-06-24 03:00,0.99847,62780.01,62657.99,62567.78,96.05,90.21,62799.99,62799.99,no,False,split,split
2026-06-24 04:00,0.99864,62658.0,62800.0,62718.36,85.21,81.64,62699.99,62699.99,yes,True,split,split
2026-06-24 05:00,0.99857,62800.0,62681.7,62625.55,89.8,56.15,62799.99,62899.99,no,False,split,split
2026-06-24 06:00,0.99862,62681.7,62445.99,62368.35,86.5,77.64,62699.99,62699.99,no,False,split,split
2026-06-24 07:00,0.9987,62445.99,62921.19,62827.03,81.18,94.16,62399.99,62499.99,yes,True,split,split
2026-06-24 08:00,0.99877,62921.19,62618.31,62541.01,77.39,77.3,62899.99,62999.99,no,False,split,split
2026-06-24 09:00,0.9986,62618.31,61338.01,61246.42,87.67,91.59,62599.99,62699.99,no,False,split,split
2026-06-24 10:00,0.99844,61338.0,61113.1,61004.38,95.69,108.72,61299.99,61399.99,no,False,split,split
2026-06-24 11:00,0.99839,61113.1,60250.0,60197.16,98.39,52.84,61099.99,61199.99,no,False,split,split
2026-06-24 12:00,0.99843,60250.0,59850.0,59791.09,94.59,58.91,60299.99,60299.99,no,False,split,split
2026-06-24 13:00,0.99845,59850.0,59404.0,59326.77,92.77,77.23,59899.99,59899.99,no,False,split,split
2026-06-24 14:00,0.99835,59404.0,59599.99,59503.62,98.02,96.37,59399.99,59499.99,yes,True,split,split
2026-06-24 15:00,0.99866,59600.0,59958.3,59860.18,79.86,98.12,59599.99,59699.99,yes,True,split,split
2026-06-24 16:00,0.99849,59958.3,60956.0,60887.46,90.54,68.54,59999.99,59999.99,yes,True,split,split
2026-06-24 17:00,0.99849,60956.0,61110.0,61021.22,92.04,88.78,60999.99,60999.99,yes,True,split,split
2026-06-24 18:00,0.9985,61109.99,60873.99,60783.55,91.66,90.44,61099.99,61199.99,no,False,split,split
2026-06-24 19:00,0.99842,60874.0,61077.99,60984.9,96.18,93.09,60899.99,60899.99,yes,True,split,split
2026-06-24 20:00,0.99858,61078.0,60832.0,60670.05,86.73,161.95,61099.99,61099.99,no,False,split,split
2026-06-24 21:00,0.99844,60832.0,60928.0,60813.88,94.9,114.12,60799.99,60899.99,no,True,split,both_win
2026-06-24 22:00,0.99846,60928.0,60799.08,60704.86,93.83,94.22,60899.99,60999.99,no,False,split,split
2026-06-24 23:00,0.99838,60799.08,60883.65,60795.94,98.49,87.71,60799.99,60799.99,no,True,both_win,both_win
2026-06-25 00:00,0.99834,60883.66,61357.63,61267.49,101.07,90.14,60899.99,60899.99,yes,True,split,split
2026-06-25 05:00,0.99843,61712.36,61739.29,61655.36,96.89,83.93,61699.99,61799.99,no,True,both_lose,both_win
2026-06-25 06:00,0.99865,61739.29,61269.94,61193.14,83.35,76.8,61699.99,61799.99,no,False,split,split
2026-06-25 07:00,0.99838,61269.95,61282.01,61193.35,99.26,88.66,61299.99,61299.99,no,True,both_win,both_win
2026-06-25 08:00,0.99834,61282.0,61244.01,61141.36,101.73,102.65,61299.99,61299.99,no,False,split,split
2026-06-25 09:00,0.9983,61244.01,58290.17,58132.28,104.11,157.89,61199.99,61299.99,no,False,split,split
2026-06-25 10:00,0.99839,58291.7,59471.5,59424.4,93.85,47.1,58299.99,58299.99,yes,True,split,split
2026-06-25 11:00,0.99837,59471.49,59557.99,59506.77,96.94,51.22,59499.99,59499.99,yes,True,split,split
2026-06-25 12:00,0.99856,59557.99,59312.64,59227.92,85.76,84.72,59599.99,59599.99,no,False,split,split
2026-06-25 13:00,0.99844,59312.64,59676.01,59564.31,92.53,111.7,59299.99,59399.99,yes,True,split,split
2026-06-25 14:00,0.99844,59676.0,59512.71,59411.61,93.09,101.1,59699.99,59699.99,no,False,split,split
2026-06-25 15:00,0.99858,59512.71,59320.0,59207.8,84.51,112.2,59499.99,59599.99,no,False,split,split
2026-06-25 16:00,0.99844,59319.99,59456.62,59339.36,92.54,117.26,59249.99,59499.99,no,True,split,both_win
2026-06-25 17:00,0.99843,59456.62,60211.87,60117.15,93.35,94.72,59499.99,59499.99,yes,True,split,split
2026-06-25 18:00,0.99848,60211.86,59851.27,59788.44,91.52,62.83,60199.99,60299.99,no,False,split,split
2026-06-25 19:00,0.99845,59851.27,59794.0,59710.75,92.77,83.25,59899.99,59899.99,no,False,split,split
2026-06-25 20:00,0.9984,59794.64,59667.09,59589.88,95.67,77.21,59799.99,59799.99,no,False,split,split
2026-06-25 21:00,0.9984,59667.09,59431.5,59307.6,95.47,123.9,59699.99,59699.99,no,False,split,split
2026-06-25 22:00,0.99847,59431.49,58561.99,58496.97,90.93,65.02,59399.99,59499.99,no,False,split,split
2026-06-25 23:00,0.99848,58562.0,60036.01,59890.15,89.01,145.86,58599.99,58599.99,yes,True,split,split
2026-06-26 00:00,0.99855,60036.0,59920.47,59825.61,87.05,94.86,59999.99,60099.99,no,False,split,split
2026-06-26 01:00,0.99853,59920.47,59953.3,59865.7,88.08,87.6,59899.99,59999.99,no,True,both_lose,both_win
2026-06-26 02:00,0.99848,59953.3,60324.0,60242.62,91.13,81.38,59999.99,59999.99,yes,True,split,split
2026-06-26 03:00,0.99854,60324.0,60532.0,60470.94,88.07,61.06,60299.99,60399.99,yes,True,split,split
2026-06-26 04:00,0.99851,60532.0,60245.67,60143.41,90.19,102.26,60499.99,60599.99,no,False,split,split
2026-06-26 05:00,0.99846,60245.9,59736.01,59641.59,92.78,94.42,60199.99,60299.99,no,False,split,split
2026-06-26 06:00,0.99837,59736.01,59313.26,59213.17,97.37,100.09,59699.99,59799.99,no,False,split,split
2026-06-26 07:00,0.99843,59313.26,59413.24,59325.86,93.12,87.38,59299.99,59399.99,no,True,split,both_win
2026-06-26 08:00,0.99851,59413.24,59185.02,59136.86,88.53,48.16,59399.99,59499.99,no,False,split,split
2026-06-26 09:00,0.99844,59185.02,60175.43,60081.2,92.33,94.23,59199.99,59199.99,yes,True,split,split
2026-06-26 10:00,0.99856,60175.42,59590.73,59556.47,86.65,34.26,60199.99,60199.99,no,False,split,split
2026-06-26 11:00,0.99867,59590.73,60328.32,60231.85,79.26,96.47,59599.99,59599.99,yes,True,split,split
2026-06-26 12:00,0.99854,60328.18,60041.75,59968.02,88.08,73.73,60299.99,60399.99,no,False,split,split
2026-06-26 13:00,0.99856,60041.76,60023.97,59959.65,86.46,64.32,59999.99,60099.99,no,False,split,split
2026-06-26 14:00,0.99858,60023.96,59668.01,59558.25,85.23,109.76,59999.99,60099.99,no,False,split,split
2026-06-26 15:00,0.99851,59668.01,59751.97,59775.05,88.91,-23.08,59699.99,59699.99,yes,True,split,split
2026-06-26 16:00,0.99851,59751.96,59718.0,59640.25,89.03,77.75,59999.99,59999.99,no,False,split,split
2026-06-26 17:00,0.99846,59717.99,59918.7,59852.42,91.97,66.28,59699.99,59799.99,yes,True,split,split
2026-06-26 18:00,0.99849,59918.7,60048.0,59972.37,90.48,75.63,59899.99,59999.99,no,True,split,both_win
2026-06-26 19:00,0.99861,60048.0,60097.27,60026.99,83.47,70.28,59999.99,60099.99,no,True,split,both_win
2026-06-26 20:00,0.99858,60097.27,60059.07,59969.91,85.34,89.16,60099.99,60099.99,no,False,split,split
2026-06-26 21:00,0.99858,60059.09,59945.53,59874.49,85.28,71.04,60099.99,60099.99,no,False,split,split
2026-06-26 22:00,0.99853,59945.53,60290.01,60216.0,88.12,74.01,59899.99,59999.99,yes,True,split,split
2026-06-26 23:00,0.99856,60290.01,60305.73,60210.96,86.82,94.77,60299.99,60299.99,no,True,both_win,both_win
2026-06-27 00:00,0.99831,60305.73,60239.99,60140.9,101.92,99.09,60299.99,60399.99,no,False,split,split
2026-06-27 01:00,0.9984,60240.0,60236.76,60170.71,96.38,66.05,60199.99,60299.99,no,False,split,split
2026-06-27 02:00,0.99846,60236.75,60370.62,60282.2,92.76,88.42,60199.99,60299.99,no,True,split,both_win
2026-06-27 03:00,0.99847,60370.63,60548.07,60453.96,92.37,94.11,60399.99,60399.99,yes,True,split,split
2026-06-27 04:00,0.99847,60548.06,60456.0,60371.69,92.64,84.31,60499.99,60599.99,no,False,split,split
2026-06-27 05:00,0.99858,60456.0,60414.62,60341.7,85.85,72.92,60499.99,60499.99,no,False,split,split
2026-06-27 06:00,0.9984,60414.62,60420.28,60325.45,96.66,94.83,60399.99,60499.99,no,True,both_lose,both_win
2026-06-27 07:00,0.99841,60420.28,60363.65,60273.81,96.07,89.84,60399.99,60499.99,no,False,split,split
2026-06-27 08:00,0.99846,60363.65,60430.0,60321.14,92.96,108.86,60399.99,60399.99,no,True,both_win,both_win
2026-06-27 09:00,0.99834,60430.0,60588.35,60486.59,100.31,101.76,60399.99,60499.99,no,True,split,both_win
2026-06-27 10:00,0.9982,60588.35,60611.5,60519.72,109.06,91.78,60599.99,60599.99,no,True,both_win,both_win
2026-06-27 11:00,0.99846,60611.49,60840.06,60733.64,93.34,106.42,60599.99,60699.99,yes,True,split,split
2026-06-27 12:00,0.99839,60840.06,60807.99,60707.15,97.95,100.84,60799.99,60899.99,no,False,split,split
2026-06-27 13:00,0.99849,60808.0,60524.88,60466.12,91.82,58.76,60799.99,60899.99,no,False,split,split
2026-06-27 14:00,0.99842,60524.89,60570.86,60456.21,95.63,114.65,60499.99,60599.99,no,True,both_lose,both_win
2026-06-27 15:00,0.99841,60570.86,60175.95,60081.41,96.31,94.54,60599.99,60599.99,no,False,split,split
2026-06-27 16:00,0.99846,60175.95,60300.0,60188.11,92.67,111.89,60249.99,60249.99,no,True,both_win,both_win
2026-06-27 17:00,0.99851,60300.0,60203.82,60112.93,89.85,90.89,60299.99,60399.99,no,False,split,split
2026-06-27 18:00,0.9985,60203.83,60228.95,60141.33,90.31,87.62,60199.99,60299.99,no,True,both_lose,both_win
2026-06-27 19:00,0.9985,60228.96,60029.0,59944.4,90.34,84.6,60199.99,60299.99,no,False,split,split
2026-06-27 20:00,0.99851,60029.01,60146.0,60097.12,89.44,48.88,59999.99,60099.99,no,True,split,both_win
2026-06-27 21:00,0.99855,60146.0,60222.22,60128.7,87.21,93.52,60099.99,60199.99,no,True,split,both_win
2026-06-27 22:00,0.9985,60222.21,60150.45,60084.65,90.33,65.8,60199.99,60299.99,no,False,split,split
2026-06-27 23:00,0.99862,60150.46,60197.04,60121.94,83.01,75.1,60199.99,60199.99,no,True,both_win,both_win
2026-06-28 00:00,0.99853,60197.03,60133.0,60047.74,88.49,85.26,60199.99,60199.99,no,False,split,split
2026-06-28 01:00,0.99852,60133.01,59989.17,59899.82,89.0,89.35,60099.99,60199.99,no,False,split,split
2026-06-28 02:00,0.99864,59989.18,60002.82,59922.3,81.59,80.52,59999.99,59999.99,no,True,both_win,both_win
2026-06-28 03:00,0.99865,60002.82,60219.99,60118.49,81.0,101.5,59999.99,60099.99,yes,True,split,split
2026-06-28 04:00,0.99864,60220.0,60370.0,60295.8,81.9,74.2,60199.99,60299.99,no,True,split,both_win
2026-06-28 05:00,0.99853,60370.01,60258.84,60190.82,88.74,68.02,60399.99,60399.99,no,False,split,split
2026-06-28 06:00,0.99861,60258.85,60166.71,60083.18,83.76,83.53,60299.99,60299.99,no,False,split,split
2026-06-28 07:00,0.99847,60166.71,60342.0,60253.82,92.06,88.18,60199.99,60199.99,yes,True,split,split
2026-06-28 08:00,0.99867,60341.99,60293.51,60217.51,80.25,76.0,60299.99,60399.99,no,False,split,split
2026-06-28 09:00,0.99857,60293.5,60071.88,59992.19,86.22,79.69,60299.99,60299.99,no,False,split,split
2026-06-28 10:00,0.99858,60071.89,60033.0,59957.9,85.3,75.1,60099.99,60099.99,no,False,split,split
2026-06-28 11:00,0.99854,60033.01,59890.0,59804.66,87.65,85.34,59999.99,60099.99,no,False,split,split
2026-06-28 12:00,0.99863,59890.35,59690.62,59607.68,82.05,82.94,59899.99,59899.99,no,False,split,split
2026-06-28 13:00,0.99852,59690.62,59586.01,59508.55,88.34,77.46,59699.99,59699.99,no,False,split,split
2026-06-28 14:00,0.99852,59586.0,59614.46,59531.64,88.19,82.82,59599.99,59599.99,no,True,both_win,both_win
2026-06-28 15:00,0.99866,59614.46,59481.79,59405.05,79.88,76.74,59599.99,59699.99,no,False,split,split
2026-06-28 16:00,0.9986,59481.78,59660.0,59566.71,83.27,93.29,59499.99,59499.99,yes,True,split,split
2026-06-28 17:00,0.99859,59660.0,59445.95,59325.94,84.12,120.01,59699.99,59699.99,no,False,split,split
2026-06-28 18:00,0.99835,59445.96,59067.01,58982.64,98.09,84.37,59399.99,59499.99,no,False,split,split
2026-06-28 19:00,0.9985,59067.0,59577.01,59489.23,88.6,87.78,59099.99,59099.99,yes,True,split,split
2026-06-28 20:00,0.99843,59577.01,59667.01,59583.26,93.54,83.75,59599.99,59599.99,no,True,both_win,both_win
2026-06-28 21:00,0.99838,59667.0,59440.95,59359.64,96.66,81.31,59699.99,59699.99,no,False,split,split
2026-06-28 22:00,0.9983,59440.95,59757.46,59662.58,101.05,94.88,59399.99,59499.99,yes,True,split,split
2026-06-28 23:00,0.99838,59757.47,60049.46,59941.61,96.81,107.85,59799.99,59799.99,yes,True,split,split
2026-06-29 00:00,0.99836,60049.45,59830.0,59740.18,98.48,89.82,59999.99,60099.99,no,False,split,split
2026-06-29 01:00,0.99832,59830.01,60102.8,59984.31,100.51,118.49,59799.99,59899.99,yes,True,split,split
2026-06-29 02:00,0.99839,60102.8,60075.49,59998.21,96.77,77.28,60099.99,60199.99,no,False,split,split
2026-06-29 03:00,0.99839,60075.5,60026.0,59958.41,96.72,67.59,60099.99,60099.99,no,False,split,split
2026-06-29 04:00,0.99839,60026.01,59840.0,59767.9,96.64,72.1,59999.99,60099.99,no,False,split,split
2026-06-29 05:00,0.9985,59840.01,60057.0,59965.53,89.76,91.47,59799.99,59899.99,yes,True,split,split
2026-06-29 06:00,0.99844,60057.0,60088.0,60007.1,93.69,80.9,60099.99,60099.99,no,True,both_win,both_win
2026-06-29 07:00,0.99854,60088.0,59956.05,59871.52,87.73,84.53,60099.99,60099.99,no,False,split,split
2026-06-29 08:00,0.99848,59956.05,59948.78,59865.22,91.13,83.56,59999.99,59999.99,no,False,split,split
2026-06-29 09:00,0.99841,59948.79,59580.0,59441.86,95.32,138.14,59899.99,59999.99,no,False,split,split
2026-06-29 10:00,0.99811,59580.0,59469.67,59332.79,112.61,136.88,59599.99,59599.99,no,False,split,split
2026-06-29 11:00,0.9982,59469.45,59824.01,59724.62,107.05,99.39,59499.99,59499.99,yes,True,split,split
2026-06-29 12:00,0.99834,59824.01,59892.86,59798.75,99.31,94.11,59799.99,59899.99,no,True,both_lose,both_win
2026-06-29 13:00,0.99845,59892.87,60413.99,60334.24,92.83,79.75,59899.99,59899.99,yes,True,split,split
2026-06-29 14:00,0.99851,60413.99,60295.0,60193.43,90.02,101.57,60399.99,60499.99,no,False,split,split
2026-06-29 15:00,0.9984,60295.0,60433.49,60354.48,96.47,79.01,60299.99,60299.99,yes,True,split,split
2026-06-29 16:00,0.99853,60433.5,60296.0,60212.16,88.84,83.84,60499.99,60499.99,no,False,split,split
2026-06-29 17:00,0.99853,60296.01,60479.72,60393.92,88.64,85.8,60299.99,60299.99,yes,True,split,split
2026-06-29 18:00,0.99853,60479.71,60352.31,60270.98,88.91,81.33,60499.99,60499.99,no,False,split,split
2026-06-29 19:00,0.99851,60352.31,60260.21,60143.56,89.92,116.65,60399.99,60399.99,no,False,split,split
2026-06-29 20:00,0.99859,60260.2,59838.01,59762.23,84.97,75.78,60299.99,60299.99,no,False,split,split
2026-06-29 21:00,0.99864,59838.01,59939.94,59851.76,81.38,88.18,59799.99,59899.99,no,True,split,both_win
2026-06-29 22:00,0.99855,59939.94,59948.24,59865.93,86.91,82.31,59899.99,59999.99,no,True,both_lose,both_win
2026-06-29 23:00,0.99838,59948.24,59627.48,59537.05,97.12,90.43,59899.99,59999.99,no,False,split,split
2026-06-30 00:00,0.99822,59627.47,59492.01,59404.55,106.14,87.46,59599.99,59699.99,no,False,split,split
2026-06-30 01:00,0.99831,59492.01,59652.13,59554.39,100.54,97.74,59499.99,59499.99,yes,True,split,split
2026-06-30 02:00,0.99847,59652.13,59592.0,59499.26,91.27,92.74,59699.99,59699.99,no,False,split,split
2026-06-30 03:00,0.99852,59592.0,59524.01,59437.62,88.2,86.39,59599.99,59599.99,no,False,split,split
2026-06-30 04:00,0.99852,59524.01,59311.92,59235.74,88.1,76.18,59499.99,59599.99,no,False,split,split
2026-06-30 05:00,0.99866,59311.26,59374.96,59288.82,79.48,86.14,59299.99,59399.99,no,True,both_lose,both_win
2026-06-30 06:00,0.99855,59374.96,59334.01,59279.23,86.09,54.78,59399.99,59399.99,no,False,split,split
2026-06-30 07:00,0.99818,59334.01,59192.7,59095.78,107.99,96.92,59299.99,59399.99,no,False,split,split
2026-06-30 08:00,0.99827,59192.71,58412.0,58338.25,102.4,73.75,59199.99,59199.99,no,False,split,split
2026-06-30 09:00,0.99811,58411.99,58737.18,58633.24,110.4,103.94,58399.99,58499.99,yes,True,split,split
2026-06-30 10:00,0.99819,58737.17,58482.81,58436.96,106.31,45.85,58699.99,58799.99,no,False,split,split
2026-06-30 11:00,0.99813,58482.81,58381.99,58274.44,109.36,107.55,58499.99,58499.99,no,False,split,split
2026-06-30 12:00,0.99836,58382.0,58497.65,58377.75,95.75,119.9,58399.99,58399.99,no,True,both_win,both_win
2026-06-30 13:00,0.99864,58497.65,58417.99,58334.25,79.56,83.74,58499.99,58499.99,no,False,split,split
2026-06-30 14:00,0.99809,58417.99,58680.87,58587.91,111.58,92.96,58399.99,58499.99,yes,True,split,split
2026-06-30 15:00,0.9983,58680.86,58818.05,58715.35,99.76,102.7,58699.99,58699.99,yes,True,split,split
2026-06-30 16:00,0.99819,58818.0,58732.01,58669.66,106.46,62.35,58749.99,58999.99,no,False,split,split
2026-06-30 17:00,0.99852,58732.0,58639.99,58556.04,86.92,83.95,58699.99,58799.99,no,False,split,split
2026-06-30 18:00,0.99844,58639.99,58607.99,58525.99,91.48,82.0,58599.99,58699.99,no,False,split,split
2026-06-30 19:00,0.9985,58607.99,58624.71,58562.29,87.91,62.42,58599.99,58699.99,no,True,both_lose,both_win
2026-06-30 20:00,0.99835,58624.71,58576.0,58481.12,96.73,94.88,58599.99,58699.99,no,False,split,split
2026-06-30 21:00,0.99844,58575.99,58770.57,58697.46,91.38,73.11,58599.99,58599.99,yes,True,split,split
2026-06-30 22:00,0.99845,58770.58,59085.0,59003.71,91.09,81.29,58799.99,58799.99,yes,True,split,split
2026-06-30 23:00,0.99832,59085.0,59197.13,59106.34,99.26,90.79,59099.99,59099.99,yes,True,split,split
2026-07-01 00:00,0.99834,59197.12,59339.99,59249.54,98.27,90.45,59199.99,59199.99,yes,True,split,split
2026-07-01 01:00,0.99847,59339.99,59154.33,59066.72,90.79,87.61,59299.99,59399.99,no,False,split,split
2026-07-01 02:00,0.99845,59154.33,58755.8,58665.15,91.69,90.65,59199.99,59199.99,no,False,split,split
2026-07-01 03:00,0.99846,58755.8,58768.65,58692.45,90.48,76.2,58799.99,58799.99,no,True,both_win,both_win
2026-07-01 04:00,0.99867,58768.64,58973.99,58902.78,78.16,71.21,58799.99,58799.99,yes,True,split,split
2026-07-01 05:00,0.99879,58973.99,58944.55,58877.16,71.36,67.39,58999.99,58999.99,no,False,split,split
2026-07-01 06:00,0.99889,58944.55,58659.98,58594.5,65.43,65.48,58899.99,58999.99,no,False,split,split
2026-07-01 07:00,0.9989,58659.97,58622.03,58558.01,64.53,64.02,58699.99,58699.99,no,False,split,split
2026-07-01 08:00,0.99879,58622.02,58538.01,58455.54,70.93,82.47,58599.99,58699.99,no,False,split,split
2026-07-01 09:00,0.99868,58538.0,59498.03,59361.61,77.27,136.42,58499.99,58599.99,yes,True,split,split
2026-07-01 10:00,0.99898,59498.03,59542.0,59463.23,60.69,78.77,59499.99,59499.99,no,True,both_win,both_win
2026-07-01 11:00,0.9992,59541.99,60147.15,60103.86,47.63,43.29,59499.99,59599.99,yes,True,split,split
2026-07-01 12:00,0.99895,60147.15,59920.0,59855.78,63.15,64.22,60099.99,60199.99,no,False,split,split
2026-07-01 13:00,0.99911,59920.0,60190.6,60129.14,53.33,61.46,59899.99,59999.99,yes,True,split,split
2026-07-01 14:00,0.99901,60190.59,60171.16,60113.35,59.59,57.81,60199.99,60199.99,no,False,split,split
2026-07-01 15:00,0.999,60171.16,60028.67,59973.66,60.17,55.01,60199.99,60199.99,no,False,split,split
2026-07-01 16:00,0.9991,60029.39,60126.0,60072.59,54.03,53.41,59999.99,60249.99,no,True,split,both_win
2026-07-01 17:00,0.99894,60126.0,60815.99,60760.82,63.73,55.17,60099.99,60199.99,yes,True,split,split
2026-07-01 18:00,0.99897,60815.99,60478.01,60421.73,62.64,56.28,60799.99,60899.99,no,False,split,split
2026-07-01 19:00,0.99882,60478.0,60024.0,59968.41,71.36,55.59,60499.99,60499.99,no,False,split,split
2026-07-01 20:00,0.99898,60024.0,59761.73,59677.17,61.22,84.56,59999.99,60099.99,no,False,split,split
2026-07-01 21:00,0.99883,59761.74,60175.92,60104.58,69.92,71.34,59799.99,59799.99,yes,True,split,split
2026-07-01 22:00,0.99889,60175.91,60423.1,60379.7,66.8,43.4,60199.99,60199.99,yes,True,split,split
2026-07-01 23:00,0.9988,60423.11,61058.0,60983.77,72.51,74.23,60399.99,60499.99,yes,True,split,split
2026-07-02 00:00,0.9988,61057.99,60787.98,60731.18,73.27,56.8,61099.99,61099.99,no,False,split,split
2026-07-02 05:00,0.99857,60512.0,61184.0,61127.54,86.53,56.46,60499.99,60599.99,yes,True,split,split
2026-07-02 06:00,0.99886,61184.0,61263.68,61195.19,69.75,68.49,61199.99,61199.99,no,True,both_win,both_win
2026-07-02 07:00,0.99889,61263.93,61358.01,61261.76,68.0,96.25,61299.99,61299.99,no,True,both_win,both_win
2026-07-02 08:00,0.999,61358.0,61542.53,61482.05,61.36,60.48,61399.99,61399.99,yes,True,split,split
2026-07-02 09:00,0.99888,61542.53,61939.04,61875.19,68.93,63.85,61499.99,61599.99,yes,True,split,split
2026-07-02 10:00,0.99896,61939.04,61696.61,61610.36,64.42,86.25,61899.99,61999.99,no,False,split,split
2026-07-02 11:00,0.99889,61696.61,61612.93,61559.64,68.48,53.29,61699.99,61699.99,no,False,split,split
2026-07-02 12:00,0.99919,61612.93,61682.34,61623.73,49.91,58.61,61599.99,61699.99,no,True,split,both_win
2026-07-02 13:00,0.99895,61682.34,61667.39,61613.1,64.77,54.29,61699.99,61699.99,no,False,split,split
2026-07-02 14:00,0.99915,61667.4,61761.36,61693.55,52.42,67.81,61699.99,61699.99,no,True,both_win,both_win
2026-07-02 15:00,0.999,61761.36,61479.6,61403.97,61.76,75.63,61799.99,61799.99,no,False,split,split
2026-07-02 16:00,0.99894,61479.59,61584.78,61521.82,65.17,62.96,61499.99,61499.99,yes,True,split,split
2026-07-02 17:00,0.99886,61584.77,61592.26,61518.74,70.21,73.52,61599.99,61599.99,no,True,both_win,both_win
2026-07-02 18:00,0.99896,61592.26,61465.26,61421.32,64.06,43.94,61599.99,61599.99,no,False,split,split
2026-07-02 19:00,0.99876,61465.26,61560.0,61492.12,76.22,67.88,61499.99,61499.99,no,True,both_win,both_win
2026-07-02 20:00,0.99872,61560.0,61308.75,61233.9,78.8,74.85,61599.99,61599.99,no,False,split,split
2026-07-02 21:00,0.99865,61308.75,61588.0,61521.83,82.77,66.17,61299.99,61399.99,yes,True,split,split
2026-07-02 22:00,0.99875,61588.0,61440.01,61364.73,76.98,75.28,61599.99,61599.99,no,False,split,split
2026-07-02 23:00,0.9989,61440.01,61434.0,61366.2,67.58,67.8,61399.99,61499.99,no,False,split,split
2026-07-03 00:00,0.99861,61434.0,61448.0,61387.31,85.39,60.69,61399.99,61499.99,no,True,both_lose,both_win
2026-07-03 01:00,0.99861,61448.0,61700.49,61636.41,85.41,64.08,61399.99,61499.99,yes,True,split,split
2026-07-03 02:00,0.99861,61700.49,61710.01,61662.12,85.76,47.89,61699.99,61799.99,no,True,both_lose,both_win
2026-07-03 03:00,0.99862,61710.01,61750.47,61694.29,85.16,56.18,61699.99,61799.99,no,True,both_lose,both_win
2026-07-03 04:00,0.99861,61750.47,61584.0,61518.34,85.83,65.66,61799.99,61799.99,no,False,split,split
2026-07-03 05:00,0.99865,61583.99,61718.68,61661.25,83.14,57.43,61599.99,61599.99,yes,True,split,split
2026-07-03 06:00,0.99866,61718.69,61916.46,61859.39,82.7,57.07,61699.99,61799.99,yes,True,split,split
2026-07-03 07:00,0.99863,61916.46,62024.02,61965.55,84.83,58.47,61899.99,61999.99,no,True,split,both_win
2026-07-03 08:00,0.99862,62024.01,61983.99,61915.84,85.59,68.15,61999.99,62099.99,no,False,split,split
2026-07-03 09:00,0.99869,61984.0,62116.01,62064.56,81.2,51.45,61999.99,61999.99,yes,True,split,split
2026-07-03 10:00,0.99891,62116.0,62167.48,62122.92,67.71,44.56,62099.99,62199.99,no,True,split,both_win
2026-07-03 11:00,0.99917,62167.47,61922.72,61875.95,51.6,46.77,62199.99,62199.99,no,False,split,split
2026-07-03 12:00,0.99908,61922.71,62104.81,62057.18,56.97,47.63,61899.99,61999.99,yes,True,split,split
2026-07-03 13:00,0.99905,62104.81,62194.0,62138.21,59.0,55.79,62099.99,62199.99,no,True,split,both_win
2026-07-03 14:00,0.99898,62193.99,62204.01,62166.51,63.44,37.5,62199.99,62199.99,no,True,both_win,both_win
2026-07-03 15:00,0.99909,62204.0,62210.0,62167.19,56.61,42.81,62199.99,62299.99,no,True,both_lose,both_win
2026-07-03 16:00,0.99899,62210.0,62776.92,62716.97,62.83,59.95,61999.99,62499.99,yes,True,split,split
2026-07-03 17:00,0.99898,62776.91,62732.0,62682.28,64.03,49.72,62799.99,62799.99,no,False,split,split
2026-07-03 18:00,0.99909,62732.0,62578.0,62525.28,57.09,52.72,62699.99,62799.99,no,False,split,split
2026-07-03 19:00,0.99902,62578.0,62583.26,62559.15,61.33,24.11,62599.99,62599.99,no,True,both_win,both_win
2026-07-03 20:00,0.99912,62583.26,62756.29,62707.74,55.07,48.55,62599.99,62599.99,yes,True,split,split
2026-07-03 21:00,0.99915,62756.29,62468.44,62436.75,53.34,31.69,62799.99,62799.99,no,False,split,split
2026-07-03 22:00,0.99905,62468.44,62538.96,62489.33,59.35,49.63,62499.99,62499.99,no,True,both_win,both_win
2026-07-03 23:00,0.99908,62538.96,62627.29,62586.38,57.54,40.91,62499.99,62599.99,no,True,split,both_win
2026-07-04 00:00,0.99913,62627.28,62700.0,62606.98,54.49,93.02,62599.99,62699.99,no,True,split,both_win
2026-07-04 01:00,0.99916,62700.0,62471.52,62406.12,52.67,65.4,62699.99,62799.99,no,False,split,split
2026-07-04 02:00,0.99913,62471.53,62500.01,62446.67,54.35,53.34,62499.99,62499.99,no,True,both_win,both_win
2026-07-04 03:00,0.99901,62500.01,62576.0,62526.09,61.88,49.91,62499.99,62599.99,no,True,split,both_win
2026-07-04 04:00,0.99915,62576.0,62553.78,62513.68,53.19,40.1,62599.99,62599.99,no,False,split,split
2026-07-04 05:00,0.99893,62553.78,62494.0,62439.88,66.93,54.12,62599.99,62599.99,no,False,split,split
2026-07-04 06:00,0.99904,62494.01,62513.0,62471.4,59.99,41.6,62499.99,62499.99,no,True,both_win,both_win
2026-07-04 07:00,0.99907,62512.99,62482.01,62442.57,58.14,39.44,62499.99,62599.99,no,False,split,split
2026-07-04 08:00,0.99913,62482.0,62664.01,62617.64,54.36,46.37,62499.99,62499.99,yes,True,split,split
2026-07-04 09:00,0.99919,62664.01,62588.84,62540.86,50.76,47.98,62699.99,62699.99,no,False,split,split
2026-07-04 10:00,0.99922,62588.84,62693.99,62644.66,48.82,49.33,62599.99,62599.99,yes,True,split,split
2026-07-04 11:00,0.99911,62693.99,62943.29,62886.41,55.8,56.88,62699.99,62699.99,yes,True,split,split
2026-07-04 12:00,0.99916,62943.29,62927.29,62874.19,52.87,53.1,62899.99,62999.99,no,False,split,split
2026-07-04 13:00,0.99903,62927.3,63280.38,63248.42,61.04,31.96,62899.99,62999.99,yes,True,split,split
2026-07-04 14:00,0.99908,63280.38,63172.78,63118.1,58.22,54.68,63299.99,63299.99,no,False,split,split
2026-07-04 15:00,0.99915,63172.79,63294.72,63255.46,53.7,39.26,63199.99,63199.99,yes,True,split,split
2026-07-04 16:00,0.99918,63294.72,63233.78,63187.82,51.9,45.96,63249.99,63499.99,no,False,split,split
2026-07-04 17:00,0.99917,63233.79,63297.84,63261.24,52.48,36.6,63199.99,63299.99,no,True,split,both_win
2026-07-04 18:00,0.99914,63297.83,63184.99,63140.03,54.44,44.96,63299.99,63299.99,no,False,split,split
2026-07-04 19:00,0.9991,63185.0,63144.01,63092.34,56.87,51.67,63199.99,63199.99,no,False,split,split
2026-07-04 20:00,0.99914,63144.01,62991.29,62927.31,54.3,63.98,63099.99,63199.99,no,False,split,split
2026-07-04 21:00,0.99887,62991.3,62887.94,62846.33,71.18,41.61,62999.99,62999.99,no,False,split,split
2026-07-04 22:00,0.99894,62887.93,62693.56,62638.48,66.66,55.08,62899.99,62899.99,no,False,split,split
2026-07-04 23:00,0.99907,62693.57,62769.04,62722.36,58.31,46.68,62699.99,62699.99,yes,True,split,split
2026-07-05 00:00,0.99914,62769.03,62815.99,62779.94,53.98,36.05,62799.99,62799.99,no,True,both_win,both_win
2026-07-05 01:00,0.99917,62815.99,62740.5,62703.92,52.14,36.58,62799.99,62899.99,no,False,split,split
2026-07-05 02:00,0.9991,62740.5,62782.18,62728.74,56.47,53.44,62699.99,62799.99,no,True,split,both_win
2026-07-05 03:00,0.99913,62782.18,63020.21,62977.28,54.62,42.93,62799.99,62799.99,yes,True,split,split
2026-07-05 04:00,0.99915,63020.21,62915.0,62888.81,53.57,26.19,62999.99,63099.99,no,False,split,split
2026-07-05 05:00,0.99915,62915.0,62622.18,62570.09,53.48,52.09,62899.99,62999.99,no,False,split,split
2026-07-05 06:00,0.99922,62622.18,62756.12,62698.94,48.85,57.18,62599.99,62699.99,no,True,split,both_win
2026-07-05 07:00,0.999,62756.12,62658.92,62613.94,62.76,44.98,62799.99,62799.99,no,False,split,split
2026-07-05 08:00,0.99905,62658.92,62745.01,62685.11,59.53,59.9,62699.99,62699.99,no,True,both_win,both_win
2026-07-05 09:00,0.99901,62745.0,62792.0,62741.31,62.12,50.69,62699.99,62799.99,no,True,split,both_win
2026-07-05 10:00,0.99916,62791.99,62812.25,62756.0,52.75,56.25,62799.99,62799.99,no,True,both_win,both_win
2026-07-05 11:00,0.99914,62812.25,62740.01,62692.16,54.02,47.85,62799.99,62899.99,no,False,split,split
2026-07-05 12:00,0.99909,62740.01,62637.48,62594.9,57.09,42.58,62699.99,62799.99,no,False,split,split
2026-07-05 13:00,0.99903,62637.48,62624.93,62578.85,60.76,46.08,62599.99,62699.99,no,False,split,split
2026-07-05 14:00,0.99915,62624.93,62820.33,62766.02,53.23,54.31,62599.99,62699.99,yes,True,split,split
2026-07-05 15:00,0.9991,62820.33,62768.88,62728.25,56.54,40.63,62799.99,62899.99,no,False,split,split
2026-07-05 16:00,0.99913,62768.87,62730.61,62690.1,54.61,40.51,62749.99,62999.99,no,False,split,split
2026-07-05 17:00,0.99915,62730.61,63092.01,63077.64,53.32,14.37,62699.99,62799.99,yes,True,split,split
2026-07-05 18:00,0.99901,63092.0,63736.0,63663.63,62.46,72.37,63099.99,63099.99,yes,True,split,split
2026-07-05 19:00,0.99905,63735.99,63650.0,63576.4,60.55,73.6,63699.99,63799.99,no,False,split,split
2026-07-05 20:00,0.999,63650.01,63761.99,63695.38,63.65,66.61,63699.99,63699.99,no,True,both_win,both_win
2026-07-05 21:00,0.99904,63761.98,63576.0,63520.59,61.21,55.41,63799.99,63799.99,no,False,split,split
2026-07-05 22:00,0.99896,63576.0,63460.01,63419.2,66.12,40.81,63599.99,63599.99,no,False,split,split
2026-07-05 23:00,0.99892,63460.01,63294.0,63233.15,68.54,60.85,63499.99,63499.99,no,False,split,split
2026-07-06 00:00,0.99895,63294.0,63267.99,63202.05,66.46,65.94,63299.99,63299.99,no,False,split,split
2026-07-06 01:00,0.9988,63267.99,63114.0,63058.9,75.92,55.1,63299.99,63299.99,no,False,split,split
2026-07-06 02:00,0.99901,63113.99,62976.0,62935.82,62.48,40.18,63099.99,63199.99,no,False,split,split
2026-07-06 03:00,0.99899,62976.0,63089.42,63037.92,63.61,51.5,62999.99,62999.99,yes,True,split,split
2026-07-06 04:00,0.99885,63089.42,62904.01,62847.83,72.55,56.18,63099.99,63099.99,no,False,split,split
2026-07-06 05:00,0.99877,62904.01,62664.77,62608.91,77.37,55.86,62899.99,62999.99,no,False,split,split
2026-07-06 06:00,0.99886,62664.77,62822.06,62769.4,71.44,52.66,62699.99,62699.99,yes,True,split,split
2026-07-06 07:00,0.99896,62822.07,62483.84,62563.0,65.33,-79.16,62799.99,62899.99,no,False,split,split
2026-07-06 08:00,0.99898,62483.84,61754.01,61708.24,63.73,45.77,62499.99,62499.99,no,False,split,split
2026-07-06 09:00,0.99901,61754.01,61768.21,61760.12,61.14,8.09,61799.99,61799.99,no,True,both_win,both_win
2026-07-06 11:00,0.99915,62052.0,63545.98,63474.04,52.74,71.94,62099.99,62099.99,yes,True,split,split
2026-07-06 12:00,0.99925,63545.98,63732.0,63681.62,47.66,50.38,63499.99,63599.99,yes,True,split,split
2026-07-06 13:00,0.9993,63732.0,63587.38,63545.1,44.61,42.28,63699.99,63799.99,no,False,split,split
2026-07-06 14:00,0.99926,63587.38,63696.4,63658.54,47.05,37.86,63599.99,63599.99,yes,True,split,split
2026-07-06 15:00,0.99927,63696.4,63738.52,63690.51,46.5,48.01,63699.99,63699.99,no,True,both_win,both_win
2026-07-06 17:00,0.99925,63828.0,64489.98,64397.01,47.87,92.97,63799.99,63899.99,yes,True,split,split
2026-07-06 18:00,0.99906,64489.97,64244.0,64199.37,60.62,44.63,64499.99,64499.99,no,False,split,split
2026-07-06 19:00,0.99915,64244.0,64042.02,64003.5,54.61,38.52,64199.99,64299.99,no,False,split,split
2026-07-06 20:00,0.99922,64042.93,64203.99,64165.02,49.95,38.97,63999.99,64099.99,yes,True,split,split
2026-07-06 21:00,0.99931,64203.99,63840.0,63805.76,44.3,34.24,64199.99,64299.99,no,False,split,split
2026-07-06 22:00,0.99929,63840.0,63322.01,63278.79,45.33,43.22,63799.99,63899.99,no,False,split,split
2026-07-06 23:00,0.99928,63322.01,63191.01,63138.26,45.59,52.75,63299.99,63399.99,no,False,split,split
2026-07-07 00:00,0.99924,63191.01,63100.01,63057.1,48.03,42.91,63199.99,63199.99,no,False,split,split
2026-07-07 01:00,0.99917,63100.0,63128.01,63093.02,52.37,34.99,63099.99,63199.99,no,True,both_lose,both_win
2026-07-07 02:00,0.9992,63128.0,63340.0,63296.13,50.5,43.87,63099.99,63199.99,yes,True,split,split
2026-07-07 03:00,0.99908,63340.01,63083.18,63049.8,58.27,33.38,63299.99,63399.99,no,False,split,split
2026-07-07 04:00,0.99915,63083.19,63104.0,63066.97,53.62,37.03,63099.99,63099.99,no,True,both_win,both_win
2026-07-07 05:00,0.99892,63104.0,63256.0,63207.11,68.15,48.89,63099.99,63199.99,yes,True,split,split
2026-07-07 06:00,0.99903,63256.01,63284.0,63223.77,61.36,60.23,63299.99,63299.99,no,True,both_win,both_win
2026-07-07 07:00,0.99907,63284.0,63406.0,63341.49,58.85,64.51,63299.99,63299.99,yes,True,split,split
2026-07-07 08:00,0.99907,63405.99,63481.39,63414.62,58.97,66.77,63399.99,63499.99,no,True,split,both_win
2026-07-07 09:00,0.99886,63481.39,63056.0,63000.21,72.37,55.79,63499.99,63499.99,no,False,split,split
2026-07-07 10:00,0.99911,63056.0,63562.05,63526.37,56.12,35.68,63099.99,63099.99,yes,True,split,split
2026-07-07 11:00,0.99924,63562.05,63930.51,63879.68,48.31,50.83,63599.99,63599.99,yes,True,split,split
2026-07-07 12:00,0.99918,63930.5,63983.27,63953.37,52.42,29.9,63899.99,63999.99,no,True,split,both_win
2026-07-07 13:00,0.9992,63983.28,64186.0,64141.69,51.19,44.31,63999.99,63999.99,yes,True,split,split
2026-07-07 14:00,0.99937,64185.99,63679.99,63658.79,40.44,21.2,64199.99,64199.99,no,False,split,split
2026-07-07 15:00,0.99914,63679.99,63817.99,63767.16,54.76,50.83,63699.99,63699.99,yes,True,split,split
2026-07-07 16:00,0.99938,63818.0,63697.99,63659.57,39.57,38.42,63749.99,63999.99,no,False,split,split
2026-07-07 17:00,0.99932,63698.0,63423.94,63392.25,43.31,31.69,63699.99,63699.99,no,False,split,split
2026-07-07 18:00,0.99925,63423.93,63551.02,63515.33,47.57,35.69,63399.99,63499.99,yes,True,split,split
2026-07-07 19:00,0.99933,63551.02,63363.99,63300.99,42.58,63.0,63599.99,63599.99,no,False,split,split
2026-07-07 20:00,0.99909,63364.0,63612.77,63577.77,57.66,35.0,63399.99,63399.99,yes,True,split,split
2026-07-07 21:00,0.99906,63612.78,63038.01,63002.37,59.8,35.64,63599.99,63699.99,no,False,split,split
2026-07-07 22:00,0.9993,63038.0,62979.99,62929.95,44.13,50.04,62999.99,63099.99,no,False,split,split
2026-07-07 23:00,0.99931,62979.98,62766.0,62708.27,43.46,57.73,62999.99,62999.99,no,False,split,split
2026-07-08 00:00,0.9993,62766.0,62800.0,62752.17,43.94,47.83,62799.99,62799.99,no,True,both_win,both_win
2026-07-08 01:00,0.99916,62800.01,62637.88,62583.07,52.75,54.81,62799.99,62899.99,no,False,split,split
2026-07-08 02:00,0.9991,62637.88,62657.81,62599.06,56.37,58.75,62599.99,62699.99,no,True,both_lose,both_win
2026-07-08 03:00,0.99916,62657.82,62888.35,62842.17,52.63,46.18,62699.99,62699.99,yes,True,split,split
2026-07-08 04:00,0.99916,62888.34,62018.36,61966.13,52.83,52.23,62899.99,62899.99,no,False,split,split
2026-07-08 05:00,0.99914,62018.36,62057.67,62008.48,53.34,49.19,61999.99,62099.99,no,True,split,both_win
2026-07-08 06:00,0.99925,62057.68,62183.12,62090.88,46.54,92.24,62099.99,62099.99,no,True,both_win,both_win
2026-07-08 07:00,0.99916,62183.11,62299.99,62251.91,52.23,48.08,62199.99,62199.99,yes,True,split,split
2026-07-08 08:00,0.99914,62300.0,61957.73,61910.33,53.58,47.4,62299.99,62399.99,no,False,split,split
2026-07-08 09:00,0.99891,61957.74,61945.49,61877.39,67.53,68.1,61999.99,61999.99,no,False,split,split
2026-07-08 10:00,0.99891,61945.49,61889.83,61834.64,67.52,55.19,61899.99,61999.99,no,False,split,split
2026-07-08 11:00,0.99898,61889.83,61704.01,61653.24,63.13,50.77,61899.99,61899.99,no,False,split,split
2026-07-08 12:00,0.99896,61704.01,62113.03,62059.76,64.17,53.27,61699.99,61799.99,yes,True,split,split
2026-07-08 13:00,0.99905,62113.02,62104.62,62060.75,59.01,43.87,62099.99,62199.99,no,False,split,split
2026-07-08 14:00,0.99881,62104.62,62185.32,62137.0,73.9,48.32,62099.99,62199.99,no,True,split,both_win
2026-07-08 15:00,0.99902,62185.33,62277.98,62227.47,60.94,50.51,62199.99,62199.99,yes,True,split,split
2026-07-08 16:00,0.99902,62277.98,62099.61,62069.17,61.03,30.44,62249.99,62499.99,no,False,split,split
2026-07-08 17:00,0.99912,62099.62,62187.17,62147.99,54.65,39.18,62099.99,62099.99,yes,True,split,split
2026-07-08 18:00,0.99912,62187.17,62330.4,62282.31,54.72,48.09,62199.99,62199.99,yes,True,split,split
2026-07-08 19:00,0.9989,62330.4,62290.0,62247.88,68.56,42.12,62299.99,62399.99,no,False,split,split
2026-07-08 20:00,0.99912,62290.01,62129.99,62074.96,54.82,55.03,62299.99,62299.99,no,False,split,split
2026-07-08 21:00,0.99901,62129.99,61916.0,61860.02,61.51,55.98,62099.99,62199.99,no,False,split,split
2026-07-08 22:00,0.99897,61916.0,61788.8,61743.03,63.77,45.77,61899.99,61999.99,no,False,split,split
2026-07-08 23:00,0.99906,61788.79,61974.34,61932.81,58.08,41.53,61799.99,61799.99,yes,True,split,split
2026-07-09 00:00,0.99906,61974.34,62453.74,62401.65,58.26,52.09,61999.99,61999.99,yes,True,split,split
2026-07-09 05:00,0.99886,62903.66,62953.4,62899.72,71.71,53.68,62899.99,62999.99,no,True,both_lose,both_win
2026-07-09 06:00,0.99899,62953.4,62786.04,62738.19,63.58,47.85,62999.99,62999.99,no,False,split,split
2026-07-09 07:00,0.99883,62786.05,62786.34,62726.65,73.46,59.69,62799.99,62799.99,no,True,both_win,both_win
2026-07-09 08:00,0.999,62786.33,62614.02,62564.78,62.79,49.24,62799.99,62799.99,no,False,split,split
2026-07-09 09:00,0.99897,62614.01,63028.35,62984.43,64.49,43.92,62599.99,62699.99,yes,True,split,split
2026-07-09 10:00,0.9988,63028.36,63016.0,62965.85,75.63,50.15,62999.99,63099.99,no,False,split,split
2026-07-09 11:00,0.99892,63016.0,62868.05,62829.3,68.06,38.75,62999.99,63099.99,no,False,split,split
2026-07-09 12:00,0.99924,62868.06,62700.01,62662.31,47.78,37.7,62899.99,62899.99,no,False,split,split
2026-07-09 13:00,0.99906,62700.01,63142.79,63084.55,58.94,58.24,62699.99,62799.99,yes,True,split,split
2026-07-09 14:00,0.99908,63142.79,63219.03,63163.62,58.09,55.41,63099.99,63199.99,no,True,split,both_win
2026-07-09 15:00,0.9992,63219.03,63248.1,63195.8,50.58,52.3,63199.99,63299.99,no,True,both_lose,both_win
2026-07-09 16:00,0.9991,63248.09,63313.38,63263.4,56.92,49.98,63249.99,63249.99,yes,True,split,split
2026-07-09 17:00,0.99903,63313.38,63274.59,63234.64,61.41,39.95,63299.99,63399.99,no,False,split,split
2026-07-09 18:00,0.9992,63274.6,63218.78,63180.64,50.62,38.14,63299.99,63299.99,no,False,split,split
2026-07-09 19:00,0.99914,63218.78,63230.0,63193.52,54.37,36.48,63199.99,63299.99,no,True,both_lose,both_win
2026-07-09 20:00,0.99915,63230.01,63113.93,63057.94,53.75,55.99,63199.99,63299.99,no,False,split,split
2026-07-09 21:00,0.99916,63113.92,63749.86,63673.27,53.02,76.59,63099.99,63199.99,yes,True,split,split
2026-07-09 22:00,0.99919,63749.86,63961.99,63922.95,51.64,39.04,63699.99,63799.99,yes,True,split,split
2026-07-09 23:00,0.99905,63961.99,63947.2,63894.17,60.76,53.03,63999.99,63999.99,no,False,split,split
2026-07-10 00:00,0.99925,63947.2,64047.88,64006.34,47.96,41.54,63899.99,63999.99,yes,True,split,split
2026-07-10 01:00,0.99924,64047.89,64115.99,64075.75,48.68,40.24,63999.99,64099.99,no,True,split,both_win
2026-07-10 02:00,0.99924,64116.0,63854.71,63822.06,48.73,32.65,64099.99,64199.99,no,False,split,split
2026-07-10 03:00,0.99936,63854.71,63963.0,63962.01,40.87,0.99,63899.99,63899.99,yes,True,split,split
2026-07-10 04:00,0.9992,63963.0,64246.01,64213.56,51.17,32.45,63999.99,63999.99,yes,True,split,split
2026-07-10 05:00,0.99914,64246.0,64385.09,64352.31,55.25,32.78,64199.99,64299.99,yes,True,split,split
2026-07-10 06:00,0.99921,64385.09,64407.8,64364.97,50.86,42.83,64399.99,64399.99,no,True,both_win,both_win
2026-07-10 07:00,0.99899,64407.8,64425.18,64379.82,65.05,45.36,64399.99,64499.99,no,True,both_lose,both_win
2026-07-10 08:00,0.99916,64425.18,64286.64,64259.98,54.12,26.66,64399.99,64499.99,no,False,split,split
2026-07-10 09:00,0.99908,64286.65,64484.0,64456.36,59.14,27.64,64299.99,64299.99,yes,True,split,split
2026-07-10 10:00,0.99896,64484.0,63914.87,63866.26,67.06,48.61,64499.99,64499.99,no,False,split,split
2026-07-10 11:00,0.99915,63914.88,64040.0,63961.08,54.33,78.92,63899.99,63999.99,no,True,split,both_win
2026-07-10 12:00,0.9992,64039.99,64140.01,64112.51,51.23,27.5,63999.99,64099.99,yes,True,split,split
2026-07-10 13:00,0.99908,64140.0,63823.99,63788.46,59.01,35.53,64099.99,64199.99,no,False,split,split
2026-07-10 14:00,0.99916,63824.0,63810.0,63761.64,53.61,48.36,63799.99,63899.99,no,False,split,split
2026-07-10 15:00,0.99911,63809.99,63917.88,63886.79,56.79,31.09,63799.99,63899.99,no,True,split,both_win
2026-07-10 16:00,0.99903,63917.88,63841.25,63801.78,62.0,39.47,63999.99,63999.99,no,False,split,split
2026-07-10 17:00,0.99911,63841.25,64011.99,63972.44,56.82,39.55,63799.99,63899.99,yes,True,split,split
2026-07-10 18:00,0.99933,64012.0,64112.29,64078.51,42.89,33.78,63999.99,64099.99,no,True,split,both_win
2026-07-10 19:00,0.99935,64112.3,64161.72,64127.91,41.67,33.81,64099.99,64199.99,no,True,split,both_win
2026-07-10 20:00,0.99931,64161.72,64124.0,64104.01,44.27,19.99,64199.99,64199.99,no,False,split,split
2026-07-10 22:00,0.99935,64012.95,64158.04,64122.65,41.61,35.39,63999.99,64099.99,yes,True,split,split
2026-07-10 23:00,0.99936,64158.04,64150.42,64124.64,41.06,25.78,64199.99,64199.99,no,False,split,split
2026-07-11 00:00,0.99924,64150.42,64152.0,64102.47,48.75,49.53,64199.99,64199.99,no,True,both_win,both_win
2026-07-11 01:00,0.99926,64152.0,64176.01,64129.96,47.47,46.05,64199.99,64199.99,no,True,both_win,both_win
2026-07-11 02:00,0.99924,64176.0,64219.1,64178.07,48.77,41.03,64199.99,64199.99,no,True,both_win,both_win
2026-07-11 03:00,0.99919,64219.09,64162.18,64121.22,52.02,40.96,64199.99,64299.99,no,False,split,split
2026-07-11 04:00,0.99926,64162.18,64265.98,64218.55,47.48,47.43,64199.99,64199.99,yes,True,split,split
2026-07-11 05:00,0.99913,64265.98,64167.34,64114.8,55.91,52.54,64299.99,64299.99,no,False,split,split
2026-07-11 06:00,0.99916,64167.35,64196.0,64131.54,53.9,64.46,64199.99,64199.99,no,True,both_win,both_win
2026-07-11 07:00,0.99907,64196.0,64198.0,64150.53,59.7,47.47,64199.99,64199.99,no,True,both_win,both_win
2026-07-11 08:00,0.99917,64197.99,64195.49,64140.33,53.28,55.16,64199.99,64199.99,no,False,split,split
2026-07-11 09:00,0.99922,64195.48,64235.66,64198.14,50.07,37.52,64199.99,64199.99,no,True,both_win,both_win
2026-07-11 10:00,0.99926,64235.67,64350.07,64312.08,47.53,37.99,64199.99,64299.99,yes,True,split,split
2026-07-11 11:00,0.99924,64350.07,64175.75,64122.79,48.91,52.96,64399.99,64399.99,no,False,split,split
2026-07-11 12:00,0.99922,64175.75,64180.01,64137.48,50.06,42.53,64199.99,64199.99,no,True,both_win,both_win
2026-07-11 13:00,0.99925,64180.0,64315.53,64279.81,48.14,35.72,64199.99,64199.99,yes,True,split,split
2026-07-11 14:00,0.99929,64315.53,64327.99,64285.95,45.66,42.04,64299.99,64399.99,no,True,both_lose,both_win
2026-07-11 15:00,0.99928,64327.99,64286.0,64247.34,46.32,38.66,64299.99,64399.99,no,False,split,split
2026-07-11 16:00,0.99926,64286.0,64382.45,64347.01,47.57,35.44,64249.99,64499.99,no,True,split,both_win
2026-07-11 17:00,0.99925,64382.44,64355.99,64317.48,48.29,38.51,64399.99,64399.99,no,False,split,split
2026-07-11 18:00,0.99935,64355.99,64203.08,64164.02,41.83,39.06,64399.99,64399.99,no,False,split,split
2026-07-11 19:00,0.9994,64203.09,63819.0,63788.63,38.52,30.37,64199.99,64299.99,no,False,split,split
2026-07-11 20:00,0.99927,63819.01,63828.47,63795.03,46.59,33.44,63799.99,63899.99,no,True,both_lose,both_win
2026-07-11 21:00,0.9994,63828.48,64133.61,64093.25,38.3,40.36,63799.99,63899.99,yes,True,split,split
2026-07-11 22:00,0.99929,64133.61,64070.39,64051.96,45.53,18.43,64099.99,64199.99,no,False,split,split
2026-07-11 23:00,0.99936,64070.4,64223.73,64151.71,41.01,72.02,64099.99,64099.99,yes,True,split,split
2026-07-12 00:00,0.99923,64223.73,63999.93,63950.9,49.45,49.03,64199.99,64299.99,no,False,split,split
2026-07-12 01:00,0.99924,63999.94,63959.93,63945.83,48.64,14.1,63999.99,63999.99,no,False,split,split
2026-07-12 02:00,0.99921,63959.93,63762.46,63723.48,50.53,38.98,63999.99,63999.99,no,False,split,split
2026-07-12 03:00,0.99933,63762.47,63885.27,63846.77,42.72,38.5,63799.99,63799.99,yes,True,split,split
2026-07-12 04:00,0.99914,63885.28,63983.18,63945.15,54.94,38.03,63899.99,63899.99,yes,True,split,split
2026-07-12 05:00,0.99918,63983.18,63961.61,63925.41,52.47,36.2,63999.99,63999.99,no,False,split,split
2026-07-12 06:00,0.99931,63961.6,63865.76,63838.93,44.13,26.83,63999.99,63999.99,no,False,split,split
2026-07-12 07:00,0.99928,63865.76,64018.01,63980.42,45.98,37.59,63899.99,63899.99,yes,True,split,split
2026-07-12 08:00,0.99929,64018.0,64026.0,63994.24,45.45,31.76,63999.99,64099.99,no,True,both_lose,both_win
2026-07-12 09:00,0.99931,64026.01,64023.14,63989.0,44.18,34.14,63999.99,64099.99,no,False,split,split
2026-07-12 10:00,0.99927,64023.13,64203.08,64175.42,46.74,27.66,63999.99,64099.99,yes,True,split,split
2026-07-12 11:00,0.99928,64203.08,64176.0,64139.29,46.23,36.71,64199.99,64299.99,no,False,split,split
2026-07-12 12:00,0.9993,64176.0,64177.7,64134.64,44.92,43.06,64199.99,64199.99,no,True,both_win,both_win
2026-07-12 13:00,0.99938,64177.7,64078.0,64042.6,39.79,35.4,64199.99,64199.99,no,False,split,split
2026-07-12 14:00,0.99929,64078.0,64147.99,64112.35,45.5,35.64,64099.99,64099.99,yes,True,split,split
2026-07-12 15:00,0.9992,64148.0,64228.59,64195.6,51.32,32.99,64099.99,64199.99,no,True,split,both_win
2026-07-12 16:00,0.99921,64228.59,64198.89,64167.78,50.74,31.11,64249.99,64249.99,no,False,split,split
2026-07-12 17:00,0.99939,64198.9,63920.4,63905.71,39.16,14.69,64199.99,64199.99,no,False,split,split
2026-07-12 18:00,0.99925,63920.4,63886.87,63857.69,47.94,29.18,63899.99,63999.99,no,False,split,split
2026-07-12 19:00,0.99937,63886.86,63780.0,63750.65,40.25,29.35,63899.99,63899.99,no,False,split,split
2026-07-12 20:00,0.99936,63780.0,64072.01,64029.33,40.82,42.68,63799.99,63799.99,yes,True,split,split
2026-07-12 21:00,0.99924,64072.0,63412.01,63391.66,48.69,20.35,64099.99,64099.99,no,False,split,split
2026-07-12 22:00,0.99935,63412.01,63375.99,63332.95,41.22,43.04,63399.99,63499.99,no,False,split,split
2026-07-12 23:00,0.99935,63376.0,62806.41,62773.51,41.19,32.9,63399.99,63399.99,no,False,split,split
2026-07-13 00:00,0.99931,62806.41,62672.0,62654.78,43.34,17.22,62799.99,62899.99,no,False,split,split
2026-07-13 01:00,0.99917,62672.0,62799.0,62736.25,52.02,62.75,62699.99,62699.99,yes,True,split,split
2026-07-13 02:00,0.99926,62799.01,62797.55,62753.33,46.47,44.22,62799.99,62799.99,no,False,split,split
2026-07-13 03:00,0.99915,62797.55,62985.52,62959.91,53.38,25.61,62799.99,62799.99,yes,True,split,split
2026-07-13 04:00,0.99917,62985.53,63206.97,63145.25,52.28,61.72,62999.99,62999.99,yes,True,split,split
2026-07-13 05:00,0.99879,63206.98,63100.02,63048.8,76.48,51.22,63199.99,63299.99,no,False,split,split
2026-07-13 06:00,0.99892,63100.02,62867.89,62811.81,68.15,56.08,63099.99,63199.99,no,False,split,split
2026-07-13 07:00,0.99908,62867.9,62901.99,62851.93,57.84,50.06,62899.99,62899.99,no,True,both_win,both_win
2026-07-13 08:00,0.99917,62901.99,62625.15,62571.68,52.21,53.47,62899.99,62999.99,no,False,split,split
2026-07-13 09:00,0.99901,62625.15,62318.0,62265.63,62.0,52.37,62599.99,62699.99,no,False,split,split
2026-07-13 10:00,0.99889,62318.01,62791.85,62719.81,69.17,72.04,62299.99,62399.99,yes,True,split,split
2026-07-13 11:00,0.99895,62791.85,62618.01,62547.44,65.93,70.57,62799.99,62799.99,no,False,split,split
2026-07-13 12:00,0.99882,62618.0,62276.0,62200.96,73.89,75.04,62599.99,62699.99,no,False,split,split
2026-07-13 13:00,0.99889,62276.01,61904.99,61865.9,69.13,39.09,62299.99,62299.99,no,False,split,split
2026-07-13 14:00,0.99885,61904.99,62020.0,61953.71,71.19,66.29,61899.99,61999.99,no,True,split,both_win
2026-07-13 15:00,0.99889,62020.0,62288.23,62215.07,68.84,73.16,61999.99,62099.99,yes,True,split,split
2026-07-13 16:00,0.99896,62288.23,62210.99,62148.48,64.78,62.51,62249.99,62499.99,no,False,split,split
2026-07-13 17:00,0.99893,62211.0,62065.06,62033.26,66.57,31.8,62199.99,62299.99,no,False,split,split
2026-07-13 18:00,0.99866,62065.05,61924.0,61862.33,83.17,61.67,62099.99,62099.99,no,False,split,split
2026-07-13 19:00,0.99873,61924.0,62334.52,62260.58,78.64,73.94,61899.99,61999.99,yes,True,split,split
2026-07-13 20:00,0.99876,62334.52,62549.54,62486.51,77.29,63.03,62299.99,62399.99,yes,True,split,split
2026-07-13 21:00,0.99884,62549.55,62540.42,62469.24,72.56,71.18,62499.99,62599.99,no,False,split,split
2026-07-13 22:00,0.99893,62540.41,62544.0,62479.7,66.92,64.3,62499.99,62599.99,no,True,both_lose,both_win
2026-07-13 23:00,0.99893,62544.0,62572.89,62506.71,66.92,66.18,62499.99,62599.99,no,True,split,both_win
2026-07-14 00:00,0.99891,62572.88,62745.23,62681.04,68.2,64.19,62599.99,62599.99,yes,True,split,split
2026-07-14 01:00,0.9987,62745.24,62737.0,62641.09,81.57,95.91,62699.99,62799.99,no,False,split,split
2026-07-14 02:00,0.9987,62737.0,62624.05,62544.23,81.56,79.82,62699.99,62799.99,no,False,split,split
2026-07-14 03:00,0.99852,62624.06,62560.92,62476.86,92.68,84.06,62599.99,62699.99,no,False,split,split
2026-07-14 04:00,0.9987,62560.92,62713.85,62627.92,81.33,85.93,62599.99,62599.99,yes,True,split,split
2026-07-14 05:00,0.9988,62713.85,62629.55,62560.26,75.26,69.29,62699.99,62799.99,no,False,split,split
2026-07-14 06:00,0.99878,62629.56,62800.0,62748.92,76.41,51.08,62599.99,62699.99,yes,True,split,split
2026-07-14 07:00,0.99883,62800.01,62844.99,62777.51,73.48,67.48,62799.99,62899.99,no,True,both_lose,both_win
2026-07-14 08:00,0.99893,62844.99,63960.0,63876.45,67.24,83.55,62799.99,62899.99,yes,True,split,split
2026-07-14 09:00,0.99891,63959.99,63840.01,63778.71,69.72,61.3,63999.99,63999.99,no,False,split,split
2026-07-14 10:00,0.9989,63840.01,64305.02,64131.59,70.22,173.43,63799.99,63899.99,yes,True,split,split
2026-07-14 11:00,0.99897,64305.01,64743.99,64703.55,66.23,40.44,64299.99,64399.99,yes,True,split,split
2026-07-14 12:00,0.99919,64744.0,64730.0,64697.51,52.44,32.49,64699.99,64799.99,no,False,split,split
2026-07-14 13:00,0.9993,64730.01,64621.43,64598.44,45.31,22.99,64699.99,64799.99,no,False,split,split
2026-07-14 14:00,0.99927,64621.43,64571.98,64535.22,47.17,36.76,64599.99,64699.99,no,False,split,split
2026-07-14 15:00,0.99921,64571.99,64569.59,64553.72,51.01,15.87,64599.99,64599.99,no,False,split,split
2026-07-14 16:00,0.99913,64569.59,64572.02,64531.37,56.18,40.65,64499.99,64749.99,no,True,split,both_win
2026-07-14 17:00,0.99926,64572.02,64676.9,64635.97,47.78,40.93,64599.99,64599.99,yes,True,split,split
2026-07-14 18:00,0.9993,64676.89,64860.89,64830.96,45.27,29.93,64699.99,64699.99,yes,True,split,split
2026-07-14 19:00,0.99925,64860.89,65043.98,64970.52,48.65,73.46,64899.99,64899.99,yes,True,split,split
2026-07-14 20:00,0.99936,65043.99,64824.58,64788.43,41.63,36.15,64999.99,65099.99,no,False,split,split
2026-07-14 21:00,0.99933,64824.57,64674.35,64629.87,43.43,44.48,64799.99,64899.99,no,False,split,split
2026-07-14 22:00,0.99926,64674.35,64490.87,64453.05,47.86,37.82,64699.99,64699.99,no,False,split,split
2026-07-14 23:00,0.99922,64490.87,64792.01,64750.01,50.3,42.0,64499.99,64499.99,yes,True,split,split
2026-07-15 00:00,0.99919,64792.0,64746.01,64695.48,52.48,50.53,64799.99,64799.99,no,False,split,split
2026-07-15 01:00,0.99924,64746.01,64944.06,64897.53,49.21,46.53,64699.99,64799.99,yes,True,split,split
2026-07-15 02:00,0.99932,64944.06,64814.0,64780.99,44.16,33.01,64899.99,64999.99,no,False,split,split
2026-07-15 03:00,0.99931,64814.01,64549.34,64512.33,44.72,37.01,64799.99,64899.99,no,False,split,split
2026-07-15 04:00,0.99924,64549.33,64768.01,64720.75,49.06,47.26,64499.99,64599.99,yes,True,split,split
2026-07-15 05:00,0.9992,64768.0,64671.83,64619.21,51.81,52.62,64799.99,64799.99,no,False,split,split
2026-07-15 06:00,0.99921,64671.84,64663.0,64608.55,51.09,54.45,64699.99,64699.99,no,False,split,split
2026-07-15 07:00,0.99903,64663.0,64732.15,64689.4,62.72,42.75,64699.99,64699.99,no,True,both_win,both_win
2026-07-15 08:00,0.99911,64732.15,65164.0,65118.84,57.61,45.16,64699.99,64799.99,yes,True,split,split
2026-07-15 09:00,0.999,65164.0,65117.99,65051.15,65.16,66.84,65199.99,65199.99,no,False,split,split
2026-07-15 10:00,0.99906,65118.0,65399.81,65346.52,61.21,53.29,65099.99,65199.99,yes,True,split,split
2026-07-15 11:00,0.99913,65399.8,65427.61,65376.43,56.9,51.18,65399.99,65399.99,no,True,both_win,both_win
2026-07-15 12:00,0.99915,65427.6,65120.79,65063.89,55.61,56.9,65399.99,65499.99,no,False,split,split
2026-07-15 13:00,0.99925,65120.8,65056.1,65017.98,48.84,38.12,65099.99,65199.99,no,False,split,split
2026-07-15 14:00,0.99917,65056.1,64860.0,64814.5,54.0,45.5,65099.99,65099.99,no,False,split,split
2026-07-15 15:00,0.99919,64860.0,64977.34,64932.31,52.54,45.03,64899.99,64899.99,yes,True,split,split
2026-07-15 16:00,0.99922,64977.34,64968.01,64936.59,50.68,31.42,64999.99,64999.99,no,False,split,split
2026-07-15 17:00,0.99937,64968.02,64834.31,64784.38,40.93,49.93,64999.99,64999.99,no,False,split,split
2026-07-15 18:00,0.99938,64834.31,64866.93,64834.98,40.2,31.95,64799.99,64899.99,no,True,split,both_win
2026-07-15 19:00,0.99936,64866.93,64756.28,64720.02,41.51,36.26,64899.99,64899.99,no,False,split,split
2026-07-15 20:00,0.99937,64756.28,64584.07,64550.91,40.8,33.16,64799.99,64799.99,no,False,split,split
2026-07-15 21:00,0.99933,64584.07,64730.01,64693.22,43.27,36.79,64599.99,64599.99,yes,True,split,split
2026-07-15 22:00,0.99929,64730.0,64642.01,64612.23,45.96,29.78,64699.99,64799.99,no,False,split,split
2026-07-15 23:00,0.99914,64642.0,64619.95,64564.91,55.59,55.04,64599.99,64699.99,no,False,split,split
2026-07-16 00:00,0.99908,64619.96,64650.05,64563.59,59.45,86.46,64599.99,64699.99,no,True,both_lose,both_win
2026-07-16 05:00,0.99895,64126.86,64090.0,64033.46,67.33,56.54,64099.99,64199.99,no,False,split,split
2026-07-16 06:00,0.99918,64090.0,64221.34,64171.26,52.55,50.08,64099.99,64099.99,yes,True,split,split
2026-07-16 07:00,0.99923,64221.34,64256.53,64207.87,49.45,48.66,64199.99,64299.99,no,True,split,both_win
2026-07-16 08:00,0.99922,64256.52,63966.01,63924.93,50.12,41.08,64299.99,64299.99,no,False,split,split
2026-07-16 09:00,0.99912,63966.01,64376.0,64330.87,56.29,45.13,63999.99,63999.99,yes,True,split,split
2026-07-16 10:00,0.99912,64375.99,64543.51,64491.06,56.65,52.45,64399.99,64399.99,yes,True,split,split
2026-07-16 11:00,0.99908,64543.51,64704.73,64669.86,59.38,34.87,64499.99,64599.99,yes,True,split,split
2026-07-16 12:00,0.99923,64704.73,64484.0,64454.52,49.82,29.48,64699.99,64799.99,no,False,split,split
2026-07-16 13:00,0.99924,64484.01,64069.03,64019.59,49.01,49.44,64499.99,64499.99,no,False,split,split
2026-07-16 14:00,0.99903,64069.04,64246.01,64222.23,62.15,23.78,64099.99,64099.99,yes,True,split,split
2026-07-16 15:00,0.9992,64246.01,64271.84,64218.76,51.4,53.08,64199.99,64299.99,no,True,split,both_win
2026-07-16 16:00,0.99923,64271.85,64114.27,64095.49,49.49,18.78,64249.99,64499.99,no,False,split,split
2026-07-16 17:00,0.99903,64114.25,64161.99,64109.92,62.19,52.07,64099.99,64199.99,no,True,split,both_win
2026-07-16 18:00,0.99915,64162.0,63968.0,63918.52,54.54,49.48,64199.99,64199.99,no,False,split,split
2026-07-16 19:00,0.99915,63968.01,63830.2,63794.3,54.37,35.9,63999.99,63999.99,no,False,split,split
2026-07-16 20:00,0.99915,63830.2,63886.0,63829.88,54.26,56.12,63799.99,63899.99,no,True,split,both_win
2026-07-16 21:00,0.99914,63886.0,63546.24,63495.0,54.94,51.24,63899.99,63899.99,no,False,split,split
2026-07-16 22:00,0.99919,63546.25,63482.0,63435.63,51.47,46.37,63499.99,63599.99,no,False,split,split
2026-07-16 23:00,0.99906,63482.0,63570.0,63518.05,59.67,51.95,63499.99,63499.99,yes,True,split,split
2026-07-17 00:00,0.9992,63570.0,63486.01,63433.23,50.86,52.78,63599.99,63599.99,no,False,split,split
2026-07-17 02:00,0.99903,62839.77,62948.0,62888.1,60.95,59.9,62799.99,62899.99,no,True,split,both_win
2026-07-17 03:00,0.99908,62948.0,62828.11,62779.15,57.91,48.96,62899.99,62999.99,no,False,split,split
2026-07-17 04:00,0.99891,62828.11,62888.0,62843.7,68.48,44.3,62799.99,62899.99,no,True,split,both_win
2026-07-17 05:00,0.99896,62888.01,62989.46,62937.75,65.4,51.71,62899.99,62899.99,yes,True,split,split
2026-07-17 06:00,0.99898,62989.47,63179.92,63127.49,64.25,52.43,62999.99,62999.99,yes,True,split,split
2026-07-17 07:00,0.99905,63179.91,63298.01,63257.83,60.02,40.18,63199.99,63199.99,yes,True,split,split
2026-07-17 08:00,0.99914,63298.0,63099.75,63049.15,54.44,50.6,63299.99,63299.99,no,False,split,split
2026-07-17 09:00,0.99894,63099.75,63153.99,63076.22,66.89,77.77,63099.99,63099.99,no,True,both_win,both_win
2026-07-17 10:00,0.99891,63154.0,63174.0,63147.79,68.84,26.21,63199.99,63199.99,no,True,both_win,both_win
2026-07-17 11:00,0.99907,63174.01,63452.0,63376.07,58.75,75.93,63199.99,63199.99,yes,True,split,split
2026-07-17 12:00,0.99922,63452.0,63594.0,63559.86,49.49,34.14,63499.99,63499.99,yes,True,split,split
2026-07-17 13:00,0.99917,63594.0,64049.86,64028.69,52.78,21.17,63599.99,63599.99,yes,True,split,split
2026-07-17 14:00,0.99928,64049.85,64259.73,64226.76,46.12,32.97,63999.99,64099.99,yes,True,split,split
2026-07-17 15:00,0.99928,64259.73,64160.8,64126.82,46.27,33.98,64299.99,64299.99,no,False,split,split
2026-07-17 16:00,0.99921,64160.8,64120.0,64090.83,50.69,29.17,63999.99,64499.99,no,False,both_win,split
2026-07-17 17:00,0.99929,64120.01,64110.0,64058.92,45.53,51.08,64099.99,64199.99,no,False,split,split
2026-07-17 18:00,0.9993,64110.01,63986.0,63939.24,44.88,46.76,64099.99,64199.99,no,False,split,split
2026-07-17 19:00,0.99922,63986.01,63931.67,63901.98,49.91,29.69,63999.99,63999.99,no,False,split,split
2026-07-17 20:00,0.99926,63931.67,63910.04,63870.55,47.31,39.49,63899.99,63999.99,no,False,split,split
2026-07-17 21:00,0.99929,63910.05,63952.98,63925.47,45.38,27.51,63899.99,63999.99,no,True,split,both_win
2026-07-17 22:00,0.99924,63952.97,63967.61,63922.2,48.6,45.41,63999.99,63999.99,no,True,both_win,both_win
2026-07-17 23:00,0.99917,63967.61,64017.84,63981.64,53.09,36.2,63999.99,63999.99,no,True,both_win,both_win
2026-07-18 00:00,0.99927,64017.84,63967.99,63927.67,46.73,40.32,63999.99,64099.99,no,False,split,split
2026-07-18 01:00,0.99927,63968.0,63967.95,63918.81,46.7,49.14,63999.99,63999.99,no,False,split,split
2026-07-18 02:00,0.99922,63967.95,63979.67,63941.4,49.9,38.27,63999.99,63999.99,no,True,both_win,both_win
2026-07-18 03:00,0.99922,63979.67,64002.75,63978.53,49.9,24.22,63999.99,63999.99,no,True,both_win,both_win
2026-07-18 04:00,0.99917,64002.75,64006.01,63951.59,53.12,54.42,63999.99,64099.99,no,True,both_lose,both_win
2026-07-18 05:00,0.99916,64006.01,63987.76,63944.05,53.77,43.71,63999.99,64099.99,no,False,split,split
2026-07-18 06:00,0.99922,63987.77,64016.43,63967.65,49.91,48.78,63999.99,63999.99,no,True,both_win,both_win
2026-07-18 07:00,0.9991,64016.43,64069.89,64024.02,57.61,45.87,63999.99,64099.99,no,True,split,both_win
2026-07-18 08:00,0.99905,64069.89,64218.0,64179.26,60.87,38.74,64099.99,64099.99,yes,True,split,split
2026-07-18 09:00,0.9993,64218.01,64106.0,64062.43,44.95,43.57,64199.99,64299.99,no,False,split,split
2026-07-18 10:00,0.99922,64105.99,64126.0,64090.88,50.0,35.12,64099.99,64199.99,no,True,both_lose,both_win
2026-07-18 11:00,0.99922,64126.0,64123.12,64082.06,50.02,41.06,64099.99,64199.99,no,False,split,split
2026-07-18 12:00,0.99922,64123.13,64303.47,64248.95,50.02,54.52,64099.99,64199.99,yes,True,split,split
2026-07-18 13:00,0.99924,64303.48,64480.29,64448.86,48.87,31.43,64299.99,64399.99,yes,True,split,split
2026-07-18 14:00,0.99925,64480.28,64512.41,64484.13,48.36,28.28,64499.99,64499.99,no,True,both_win,both_win
2026-07-18 15:00,0.99928,64512.41,64552.79,64535.9,46.45,16.89,64499.99,64599.99,no,True,split,both_win
2026-07-18 16:00,0.99929,64552.8,64693.01,64665.25,45.83,27.76,64499.99,64749.99,no,True,split,both_win
2026-07-18 17:00,0.99929,64693.02,64731.72,64701.8,45.93,29.92,64699.99,64699.99,yes,True,split,split
2026-07-18 18:00,0.99916,64731.73,64805.05,64777.78,54.37,27.27,64699.99,64799.99,no,True,split,both_win
2026-07-18 19:00,0.9993,64805.04,64834.22,64797.52,45.36,36.7,64799.99,64899.99,no,True,both_lose,both_win
2026-07-18 20:00,0.99929,64834.21,64792.08,64739.6,46.03,52.48,64799.99,64899.99,no,False,split,split
2026-07-18 21:00,0.99929,64792.08,64765.99,64736.18,46.0,29.81,64799.99,64799.99,no,False,split,split
2026-07-18 22:00,0.9993,64766.0,64826.01,64790.92,45.34,35.09,64799.99,64799.99,no,True,both_win,both_win
2026-07-18 23:00,0.9992,64826.01,64706.18,64665.55,51.86,40.63,64799.99,64899.99,no,False,split,split
2026-07-19 00:00,0.99924,64706.18,64720.17,64683.68,49.18,36.49,64699.99,64799.99,no,True,both_lose,both_win
2026-07-19 01:00,0.99934,64720.17,64724.01,64686.07,42.72,37.94,64699.99,64799.99,no,True,both_lose,both_win
2026-07-19 02:00,0.9993,64724.0,64711.69,64675.68,45.31,36.01,64699.99,64799.99,no,False,split,split
2026-07-19 03:00,0.99929,64711.69,64711.05,64642.89,45.95,68.16,64699.99,64799.99,no,False,split,split
2026-07-19 04:00,0.9993,64711.04,64707.49,64667.34,45.3,40.15,64699.99,64799.99,no,False,split,split
2026-07-19 05:00,0.99925,64707.48,64509.99,64486.14,48.53,23.85,64699.99,64799.99,no,False,split,split
2026-07-19 06:00,0.99926,64510.0,64595.0,64537.61,47.74,57.39,64499.99,64599.99,no,True,split,both_win
2026-07-19 07:00,0.99923,64595.0,64467.64,64432.77,49.74,34.87,64599.99,64599.99,no,False,split,split
2026-07-19 08:00,0.99922,64467.65,64441.15,64404.27,50.28,36.88,64499.99,64499.99,no,False,split,split
2026-07-19 09:00,0.99919,64441.16,64483.31,64444.14,52.2,39.17,64399.99,64499.99,no,True,split,both_win
2026-07-19 10:00,0.99925,64483.32,64593.07,64555.34,48.36,37.73,64499.99,64499.99,yes,True,split,split
2026-07-19 11:00,0.9991,64593.07,64585.32,64533.61,58.13,51.71,64599.99,64599.99,no,False,split,split
2026-07-19 12:00,0.99919,64585.33,64538.72,64497.87,52.31,40.85,64599.99,64599.99,no,False,split,split
2026-07-19 13:00,0.9992,64538.72,64547.86,64512.13,51.63,35.73,64499.99,64599.99,no,True,split,both_win
2026-07-19 14:00,0.99926,64547.86,64419.99,64370.86,47.77,49.13,64499.99,64599.99,no,False,split,split
2026-07-19 15:00,0.99927,64420.0,64462.58,64416.46,47.03,46.12,64399.99,64499.99,no,True,split,both_win
2026-07-19 16:00,0.99925,64462.58,64535.99,64473.78,48.35,62.21,64499.99,64499.99,no,True,both_win,both_win
2026-07-19 17:00,0.99929,64536.0,64415.75,64364.91,45.82,50.84,64499.99,64599.99,no,False,split,split
2026-07-19 18:00,0.9992,64415.75,64674.67,64635.63,51.53,39.04,64399.99,64499.99,yes,True,split,split
2026-07-19 20:00,0.99926,64722.55,64553.84,64516.57,47.89,37.27,64699.99,64799.99,no,False,split,split
2026-07-19 21:00,0.99917,64553.85,64628.01,64586.83,53.58,41.18,64599.99,64599.99,no,True,both_win,both_win
2026-07-19 22:00,0.99924,64628.01,64827.2,64788.32,49.12,38.88,64599.99,64699.99,yes,True,split,split
2026-07-19 23:00,0.99923,64827.19,64869.8,64779.22,49.92,90.58,64799.99,64899.99,no,True,both_lose,both_win
2026-07-20 00:00,0.99913,64869.79,64540.01,64503.79,56.44,36.22,64899.99,64899.99,no,False,split,split
2026-07-20 01:00,0.99905,64540.0,64128.0,64080.91,61.31,47.09,64499.99,64599.99,no,False,split,split
2026-07-20 02:00,0.99911,64128.01,63917.98,63847.62,57.07,70.36,64099.99,64199.99,no,False,split,split
2026-07-20 03:00,0.99911,63917.99,64280.01,64203.69,56.89,76.32,63899.99,63999.99,yes,True,split,split
2026-07-20 04:00,0.99892,64280.01,64049.99,63988.7,69.42,61.29,64299.99,64299.99,no,False,split,split
2026-07-20 05:00,0.99877,64050.0,64199.5,64154.69,78.78,44.81,64099.99,64099.99,yes,True,split,split
2026-07-20 06:00,0.99877,64199.51,64301.18,64240.13,78.97,61.05,64199.99,64199.99,yes,True,split,split
2026-07-20 07:00,0.99877,64301.18,65002.01,64960.15,79.09,41.86,64299.99,64399.99,yes,True,split,split
2026-07-20 08:00,0.99896,65002.0,64640.0,64585.28,67.6,54.72,64999.99,65099.99,no,False,split,split
2026-07-20 09:00,0.99896,64640.0,64344.01,64257.26,67.23,86.75,64599.99,64699.99,no,False,split,split
2026-07-20 10:00,0.9989,64344.01,64416.01,64321.44,70.78,94.57,64299.99,64399.99,no,True,split,both_win
2026-07-20 11:00,0.99909,64416.01,65598.75,65535.15,58.62,63.6,64399.99,64499.99,yes,True,split,split
2026-07-20 12:00,0.99906,65598.75,65508.5,65443.99,61.66,64.51,65599.99,65599.99,no,False,split,split
2026-07-20 13:00,0.99908,65508.5,65587.98,65538.8,60.27,49.18,65499.99,65599.99,no,True,split,both_win
2026-07-20 14:00,0.99916,65587.99,65240.01,65182.93,55.09,57.08,65599.99,65599.99,no,False,split,split
2026-07-20 15:00,0.99914,65240.01,65142.0,65095.97,56.11,46.03,65199.99,65299.99,no,False,split,split
2026-07-20 16:00,0.99926,65142.0,65367.58,65326.85,48.21,40.73,65249.99,65249.99,yes,True,split,split
2026-07-20 17:00,0.99916,65367.57,65286.02,65259.87,54.91,26.15,65399.99,65399.99,no,False,split,split
2026-07-20 18:00,0.99914,65286.02,65141.99,65111.43,56.15,30.56,65299.99,65299.99,no,False,split,split
2026-07-20 19:00,0.99909,65142.0,65255.51,65216.99,59.28,38.52,65099.99,65199.99,yes,True,split,split
2026-07-20 20:00,0.99928,65255.51,65568.01,65537.21,46.98,30.8,65299.99,65299.99,yes,True,split,split
2026-07-20 21:00,0.9992,65568.0,65235.55,65205.4,52.45,30.15,65599.99,65599.99,no,False,split,split
2026-07-20 22:00,0.99921,65235.56,65414.01,65383.07,51.54,30.94,65199.99,65299.99,yes,True,split,split
2026-07-20 23:00,0.99927,65414.01,65566.78,65539.82,47.75,26.96,65399.99,65499.99,yes,True,split,split
2026-07-21 00:00,0.99915,65566.77,65522.01,65483.13,55.73,38.88,65599.99,65599.99,no,False,split,split
2026-07-21 01:00,0.99921,65522.0,65751.56,65710.92,51.76,40.64,65499.99,65599.99,yes,True,split,split
2026-07-21 02:00,0.99919,65751.56,65913.0,65887.58,53.26,25.42,65799.99,65799.99,yes,True,split,split
2026-07-21 03:00,0.99917,65913.0,66186.86,66160.91,54.71,25.95,65899.99,65999.99,yes,True,split,split
2026-07-21 04:00,0.9992,66186.86,66226.44,66191.32,52.95,35.12,66199.99,66199.99,no,True,both_win,both_win
2026-07-21 05:00,0.99917,66226.43,66291.99,66250.46,54.97,41.53,66199.99,66299.99,no,True,split,both_win
2026-07-21 06:00,0.99911,66292.0,66180.0,66166.55,59.0,13.45,66299.99,66299.99,no,False,split,split
2026-07-21 07:00,0.99918,66180.0,66345.59,66293.3,54.27,52.29,66199.99,66199.99,yes,True,split,split
2026-07-21 08:00,0.99921,66345.59,66558.82,66522.63,52.41,36.19,66299.99,66399.99,yes,True,split,split
2026-07-21 09:00,0.99923,66558.81,66786.0,66733.55,51.25,52.45,66599.99,66599.99,yes,True,split,split
2026-07-21 10:00,0.99929,66786.0,66842.3,66830.15,47.42,12.15,66799.99,66799.99,yes,True,split,split
2026-07-21 11:00,0.99943,66842.29,66676.54,66673.12,38.1,3.42,66799.99,66899.99,no,False,split,split
2026-07-21 12:00,0.99944,66676.53,66542.01,66531.45,37.34,10.56,66699.99,66699.99,no,False,split,split
2026-07-21 13:00,0.99935,66542.01,66207.95,66163.28,43.25,44.67,66499.99,66599.99,no,False,split,split
2026-07-21 14:00,0.99928,66207.96,66319.95,66273.55,47.67,46.4,66199.99,66299.99,no,True,split,both_win
2026-07-21 15:00,0.99948,66319.96,66444.76,66411.34,34.49,33.42,66299.99,66399.99,yes,True,split,split
2026-07-21 16:00,0.9993,66444.76,66406.57,66376.13,46.51,30.44,66499.99,66499.99,no,False,split,split
2026-07-21 17:00,0.99927,66406.58,66385.0,66338.83,48.48,46.17,66399.99,66499.99,no,False,split,split
2026-07-21 18:00,0.99927,66385.0,66304.02,66271.53,48.46,32.49,66399.99,66399.99,no,False,split,split
2026-07-21 19:00,0.9992,66304.02,66556.16,66517.23,53.04,38.93,66299.99,66399.99,yes,True,split,split
2026-07-21 20:00,0.99914,66556.15,66620.97,66621.97,57.24,-1.0,66599.99,66599.99,yes,True,split,split
2026-07-21 21:00,0.99918,66620.97,66433.3,66367.31,54.63,65.99,66599.99,66699.99,no,False,split,split
2026-07-21 22:00,0.99918,66433.29,66314.12,66275.85,54.48,38.27,66399.99,66499.99,no,False,split,split
2026-07-21 23:00,0.99916,66314.12,66210.0,66167.76,55.7,42.24,66299.99,66399.99,no,False,split,split
2026-07-22 00:00,0.99908,66209.99,66381.05,66339.43,60.91,41.62,66199.99,66299.99,yes,True,split,split
2026-07-22 01:00,0.9992,66381.05,65974.9,65934.79,53.1,40.11,66399.99,66399.99,no,False,split,split
2026-07-22 02:00,0.99921,65974.9,65934.33,65891.01,52.12,43.32,65999.99,65999.99,no,False,split,split
2026-07-22 03:00,0.99922,65934.34,65843.48,65805.18,51.43,38.3,65899.99,65999.99,no,False,split,split
2026-07-22 04:00,0.99914,65843.48,65987.96,65945.65,56.63,42.31,65799.99,65899.99,yes,True,split,split
2026-07-22 05:00,0.99906,65987.97,65928.0,65892.33,62.03,35.67,65999.99,65999.99,no,False,split,split
2026-07-22 06:00,0.99905,65928.01,66046.02,65998.57,62.63,47.45,65899.99,65999.99,no,True,split,both_win
2026-07-22 07:00,0.99922,66046.01,66013.36,65976.87,51.52,36.49,65999.99,66099.99,no,False,split,split
2026-07-22 08:00,0.9991,66013.36,65636.01,65605.88,59.41,30.13,65999.99,66099.99,no,False,split,split
2026-07-22 09:00,0.9992,65636.01,65951.39,65914.13,52.51,37.26,65599.99,65699.99,yes,True,split,split
2026-07-22 10:00,0.99928,65951.38,65793.98,65751.0,47.48,42.98,65999.99,65999.99,no,False,split,split
2026-07-22 11:00,0.99934,65793.98,66047.39,65999.46,43.42,47.93,65799.99,65799.99,yes,True,split,split
2026-07-22 12:00,0.99958,66047.38,66229.01,66207.69,27.74,21.32,65999.99,66099.99,yes,True,split,split
2026-07-22 13:00,0.99942,66229.01,66024.03,66002.67,38.41,21.36,66199.99,66299.99,no,False,split,split
2026-07-22 14:00,0.99941,66024.02,65895.46,65868.82,38.95,26.64,65999.99,66099.99,no,False,split,split
2026-07-22 15:00,0.99931,65895.46,65923.19,65911.8,45.47,11.39,65899.99,65899.99,yes,True,split,split
2026-07-22 16:00,0.99944,65923.19,65919.68,65888.27,36.92,31.41,65999.99,65999.99,no,False,split,split
2026-07-22 17:00,0.99955,65919.67,66072.47,66031.84,29.66,40.63,65899.99,65999.99,yes,True,split,split
2026-07-22 18:00,0.99963,66072.48,66044.17,66007.36,24.45,36.81,66099.99,66099.99,no,False,split,split
2026-07-22 19:00,0.99948,66044.17,66114.49,66086.19,34.34,28.3,65999.99,66099.99,no,True,split,both_win
2026-07-22 20:00,0.99956,66114.5,66058.19,66039.16,29.09,19.03,66099.99,66199.99,no,False,split,split
2026-07-22 21:00,0.99939,66058.2,65830.0,65803.55,40.3,26.45,66099.99,66099.99,no,False,split,split
2026-07-22 22:00,0.99944,65830.0,65805.34,65776.62,36.86,28.72,65799.99,65899.99,no,False,split,split
2026-07-22 23:00,0.99945,65805.35,65662.53,65624.32,36.19,38.21,65799.99,65899.99,no,False,split,split
2026-07-23 00:00,0.99934,65662.53,65616.48,65571.34,43.34,45.14,65699.99,65699.99,no,False,split,split
2026-07-23 05:00,0.99947,65632.99,65638.92,65601.09,34.79,37.83,65599.99,65699.99,no,True,split,both_win
2026-07-23 06:00,0.9994,65638.92,65740.0,65700.16,39.38,39.84,65599.99,65699.99,yes,True,split,split
2026-07-23 07:00,0.99926,65740.0,65555.21,65536.37,48.65,18.84,65699.99,65799.99,no,False,split,split
2026-07-23 08:00,0.99935,65555.21,65167.04,65115.65,42.61,51.39,65599.99,65599.99,no,False,split,split
2026-07-23 09:00,0.99938,65167.05,64880.0,64869.16,40.4,10.84,65199.99,65199.99,no,False,split,split
